title,address
10 Things I Hate About You,https://www.imdb.com/title/tt0147800/?ref_=fn_tt_tt_1
Margaret,https://www.imdb.com/title/tt0466893/?ref_=fn_tt_tt_1
Back to the Future,https://www.imdb.com/title/tt0088763/?ref_=fn_tt_tt_1
Thor,https://www.imdb.com/title/tt0800369/?ref_=fn_tt_tt_1
Good Will Hunting,https://www.imdb.com/title/tt0119217/?ref_=fn_tt_tt_1
12,https://www.imdb.com/title/tt1407084/?ref_=fn_tt_tt_1
Margin Call,https://www.imdb.com/title/tt1615147/?ref_=fn_tt_tt_1
Sexual Life,https://www.imdb.com/title/tt0376874/?ref_=fn_tt_tt_1
Thor Ragnarok,https://www.imdb.com/title/tt3501632/?ref_=fn_tt_tt_1
Goodfellas,https://www.imdb.com/title/tt0099685/?ref_=fn_tt_tt_1
Catwoman,https://www.imdb.com/title/tt0327554/?ref_=fn_tt_tt_1
Pearl Harbor,https://www.imdb.com/title/tt0213149/?ref_=fn_tt_tt_1
Margot at the Wedding,https://www.imdb.com/title/tt0757361/?ref_=fn_tt_tt_1
Shadow of the Vampire,https://www.imdb.com/title/tt0189998/?ref_=fn_tt_tt_1
Three Kings,https://www.imdb.com/title/tt0120188/?ref_=fn_tt_tt_1
12 and Holding,https://www.imdb.com/title/tt0417385/?ref_=fn_tt_tt_1
Gothika,https://www.imdb.com/title/tt0348836/?ref_=fn_tt_tt_1
Shakespeare in Love,https://www.imdb.com/title/tt0138097/?ref_=fn_tt_tt_1
Peeping Tom,https://www.imdb.com/title/tt0054167/?ref_=fn_tt_tt_1
"Mariachi, El",https://www.imdb.com/title/tt0104815/?ref_=fn_tt_tt_1
Three Kings (Spoils of War),https://www.imdb.com/title/tt0120188/?ref_=fn_tt_tt_1
12 Monkeys,https://www.imdb.com/title/tt3148266/?ref_=fn_tt_tt_1
Cecil B. Demented,https://www.imdb.com/title/tt0173716/?ref_=fn_tt_tt_1
It's a Wonderful Life,https://www.imdb.com/title/tt0038650/?ref_=fn_tt_tt_1
Dune,https://www.imdb.com/title/tt1160419/?ref_=fn_tt_tt_1
Grabbers,https://www.imdb.com/title/tt1525366/?ref_=fn_tt_tt_1
12 Years a Slave,https://www.imdb.com/title/tt2024544/?ref_=fn_tt_tt_1
Three Men and a Baby,https://www.imdb.com/title/tt0094137/?ref_=fn_tt_tt_1
Peggy Sue Got Married,https://www.imdb.com/title/tt0091738/?ref_=fn_tt_tt_1
"Graduate, The",https://www.imdb.com/title/tt0061722/?ref_=fn_tt_tt_1
Marley & Me,https://www.imdb.com/title/tt1183919/?ref_=fn_tt_tt_1
127 Hours,https://www.imdb.com/title/tt1542344/?ref_=fn_tt_tt_1
Cedar Rapids,https://www.imdb.com/title/tt1477837/?ref_=fn_tt_tt_1
"Three Musketeers, The",https://www.imdb.com/title/tt1509767/?ref_=fn_tt_tt_1
Back to the Future II & III,https://www.imdb.com/title/tt5651422/?ref_=fn_tt_tt_1
Gran Torino,https://www.imdb.com/title/tt1205489/?ref_=fn_tt_tt_1
1492: Conquest of Paradise,https://www.imdb.com/title/tt0103594/?ref_=fn_tt_tt_1
Perfect Creature,https://www.imdb.com/title/tt0403407/?ref_=fn_tt_tt_1
Celeste & Jesse Forever,https://www.imdb.com/title/tt5705306/?ref_=fn_tt_tt_1
"Back-up Plan, The",https://www.imdb.com/title/tt1212436/?ref_=fn_tt_tt_1
Thunderbirds,https://www.imdb.com/title/tt0167456/?ref_=fn_tt_tt_1
Backdraft,https://www.imdb.com/title/tt0101393/?ref_=fn_tt_tt_1
"Cell, The",https://www.imdb.com/title/tt0209958/?ref_=fn_tt_tt_1
Martha Marcy May Marlene,https://www.imdb.com/title/tt1441326/?ref_=fn_tt_tt_1
Shallow Grave,https://www.imdb.com/title/tt0111149/?ref_=fn_tt_tt_1
Grand Hotel,https://www.imdb.com/title/tt2006421/?ref_=fn_tt_tt_1
Bad Boys,https://www.imdb.com/title/tt0112442/?ref_=fn_tt_tt_1
Grand Theft Parsons,https://www.imdb.com/title/tt0338075/?ref_=fn_tt_tt_1
Shame,https://www.imdb.com/title/tt5288312/?ref_=fn_tt_tt_1
"Martian, The",https://www.imdb.com/title/tt3659388/?ref_=fn_tt_tt_1
Cellular,https://www.imdb.com/title/tt0337921/?ref_=fn_tt_tt_1
Thunderheart,https://www.imdb.com/title/tt0105585/?ref_=fn_tt_tt_1
"Grapes of Wrath, The",https://www.imdb.com/title/tt0032551/?ref_=fn_tt_tt_1
Bad Country,https://www.imdb.com/title/tt2350892/?ref_=fn_tt_tt_1
E.T.,https://www.imdb.com/title/tt0083866/?ref_=fn_tt_tt_1
It's Complicated,https://www.imdb.com/title/tt1230414/?ref_=fn_tt_tt_1
"Perfect World, A",https://www.imdb.com/title/tt6950594/?ref_=fn_tt_tt_1
Gravity,https://www.imdb.com/title/tt1454468/?ref_=fn_tt_tt_1
"Change-Up, The",https://www.imdb.com/title/tt1488555/?ref_=fn_tt_tt_1
Bad Day at Black Rock,https://www.imdb.com/title/tt0047849/?ref_=fn_tt_tt_1
"Italian Job, The",https://www.imdb.com/title/tt0317740/?ref_=fn_tt_tt_1
"Perks of Being a Wallflower, The",https://www.imdb.com/title/tt1659337/?ref_=fn_tt_tt_1
Eagle Eye,https://www.imdb.com/title/tt1059786/?ref_=fn_tt_tt_1
Ticker,https://www.imdb.com/title/tt0196158/?ref_=fn_tt_tt_1
Bad Dreams,https://www.imdb.com/title/tt0094701/?ref_=fn_tt_tt_1
"Great Gatsby, The",https://www.imdb.com/title/tt1343092/?ref_=fn_tt_tt_1
Pet Sematary,https://www.imdb.com/title/tt0837563/?ref_=fn_tt_tt_1
Eastern Promises,https://www.imdb.com/title/tt0765443/?ref_=fn_tt_tt_1
"Jacket, The",https://www.imdb.com/title/tt0366627/?ref_=fn_tt_tt_1
15 Minutes,https://www.imdb.com/title/tt0179626/?ref_=fn_tt_tt_1
Changeling,https://www.imdb.com/title/tt0824747/?ref_=fn_tt_tt_1
Jackie Brown,https://www.imdb.com/title/tt0119396/?ref_=fn_tt_tt_1
Bad Lieutenant,https://www.imdb.com/title/tt0103759/?ref_=fn_tt_tt_1
Easy A,https://www.imdb.com/title/tt1282140/?ref_=fn_tt_tt_1
Pet Sematary II,https://www.imdb.com/title/tt0105128/?ref_=fn_tt_tt_1
17 Again,https://www.imdb.com/title/tt0974661/?ref_=fn_tt_tt_1
Marty,https://www.imdb.com/title/tt0048356/?ref_=fn_tt_tt_1
Timber Falls,https://www.imdb.com/title/tt0857295/?ref_=fn_tt_tt_1
Ed TV,https://www.imdb.com/title/tt0131369/?ref_=fn_tt_tt_1
Jacob's Ladder,https://www.imdb.com/title/tt0099871/?ref_=fn_tt_tt_1
Chaos,https://www.imdb.com/title/tt8267604/?ref_=fn_tt_tt_1
Shampoo,https://www.imdb.com/title/tt0073692/?ref_=fn_tt_tt_1
Petulia,https://www.imdb.com/title/tt0063426/?ref_=fn_tt_tt_1
Mary Poppins,https://www.imdb.com/title/tt0058331/?ref_=fn_tt_tt_1
187,https://www.imdb.com/title/tt0118531/?ref_=fn_tt_tt_1
"Green Mile, The",https://www.imdb.com/title/tt0120689/?ref_=fn_tt_tt_1
Jade,https://www.imdb.com/title/tt0113451/?ref_=fn_tt_tt_1
Charade,https://www.imdb.com/title/tt0056923/?ref_=fn_tt_tt_1
"Shawshank Redemption, The",https://www.imdb.com/title/tt0111161/?ref_=fn_tt_tt_1
"Time Machine, The",https://www.imdb.com/title/tt0054387/?ref_=fn_tt_tt_1
Ed Wood,https://www.imdb.com/title/tt0109707/?ref_=fn_tt_tt_1
"Mask, The",https://www.imdb.com/title/tt0110475/?ref_=fn_tt_tt_1
Philadelphia,https://www.imdb.com/title/tt0472954/?ref_=fn_tt_tt_1
Bad Santa,https://www.imdb.com/title/tt0307987/?ref_=fn_tt_tt_1
2001: A Space Odyssey,https://www.imdb.com/title/tt0062622/?ref_=fn_tt_tt_1
Charlie's Angels,https://www.imdb.com/title/tt5033998/?ref_=fn_tt_tt_1
Tin Cup,https://www.imdb.com/title/tt0117918/?ref_=fn_tt_tt_1
Bad Teacher,https://www.imdb.com/title/tt1284575/?ref_=fn_tt_tt_1
Phone Booth,https://www.imdb.com/title/tt0183649/?ref_=fn_tt_tt_1
She's Out of My League,https://www.imdb.com/title/tt0815236/?ref_=fn_tt_tt_1
Edward Scissorhands,https://www.imdb.com/title/tt0099487/?ref_=fn_tt_tt_1
Tin Men,https://www.imdb.com/title/tt0094155/?ref_=fn_tt_tt_1
Jane Eyre,https://www.imdb.com/title/tt1229822/?ref_=fn_tt_tt_1
Gremlins,https://www.imdb.com/title/tt0087363/?ref_=fn_tt_tt_1
Badlands,https://www.imdb.com/title/tt3865236/?ref_=fn_tt_tt_1
Eight Legged Freaks,https://www.imdb.com/title/tt0271367/?ref_=fn_tt_tt_1
Pi,https://www.imdb.com/title/tt0138704/?ref_=fn_tt_tt_1
Chasing Amy,https://www.imdb.com/title/tt0118842/?ref_=fn_tt_tt_1
2012,https://www.imdb.com/title/tt1190080/?ref_=fn_tt_tt_1
Sherlock Holmes,https://www.imdb.com/title/tt0988045/?ref_=fn_tt_tt_1
Master and Commander,https://www.imdb.com/title/tt0311113/?ref_=fn_tt_tt_1
Tinker Tailor Soldier Spy,https://www.imdb.com/title/tt1340800/?ref_=fn_tt_tt_1
Shifty,https://www.imdb.com/title/tt1104126/?ref_=fn_tt_tt_1
El Mariachi,https://www.imdb.com/title/tt0104815/?ref_=fn_tt_tt_1
Bamboozled,https://www.imdb.com/title/tt0215545/?ref_=fn_tt_tt_1
"Pianist, The",https://www.imdb.com/title/tt0253474/?ref_=fn_tt_tt_1
Chasing Sleep,https://www.imdb.com/title/tt0221069/?ref_=fn_tt_tt_1
25th Hour,https://www.imdb.com/title/tt0307901/?ref_=fn_tt_tt_1
"Shining, The",https://www.imdb.com/title/tt0081505/?ref_=fn_tt_tt_1
Barry Lyndon,https://www.imdb.com/title/tt0072684/?ref_=fn_tt_tt_1
Cherry Falls,https://www.imdb.com/title/tt0175526/?ref_=fn_tt_tt_1
30 Minutes or Less,https://www.imdb.com/title/tt1622547/?ref_=fn_tt_tt_1
"Shipping News, The",https://www.imdb.com/title/tt0120824/?ref_=fn_tt_tt_1
Barton Fink,https://www.imdb.com/title/tt0101410/?ref_=fn_tt_tt_1
Shivers,https://www.imdb.com/title/tt0073705/?ref_=fn_tt_tt_1
Chinatown,https://www.imdb.com/title/tt0071315/?ref_=fn_tt_tt_1
Basic,https://www.imdb.com/title/tt0264395/?ref_=fn_tt_tt_1
Christ Complex,https://www.imdb.com/title/tt2416048/?ref_=fn_tt_tt_1
Shrek,https://www.imdb.com/title/tt0126029/?ref_=fn_tt_tt_1
Basic Instinct,https://www.imdb.com/title/tt0103772/?ref_=fn_tt_tt_1
Chronicle,https://www.imdb.com/title/tt1706593/?ref_=fn_tt_tt_1
Basquiat,https://www.imdb.com/title/tt0115632/?ref_=fn_tt_tt_1
"Chronicles of Narnia: The Lion, the Witch and the Wardrobe",https://www.imdb.com/title/tt0363771/?ref_=fn_tt_tt_1
42,https://www.imdb.com/title/tt0453562/?ref_=fn_tt_tt_1
Batman,https://www.imdb.com/title/tt0096895/?ref_=fn_tt_tt_1
"Master, The",https://www.imdb.com/title/tt1560747/?ref_=fn_tt_tt_1
"Cider House Rules, The",https://www.imdb.com/title/tt0124315/?ref_=fn_tt_tt_1
Gremlins 2,https://www.imdb.com/title/tt0099700/?ref_=fn_tt_tt_1
Election,https://www.imdb.com/title/tt0126886/?ref_=fn_tt_tt_1
Jason X,https://www.imdb.com/title/tt0211443/?ref_=fn_tt_tt_1
44 Inch Chest,https://www.imdb.com/title/tt0914837/?ref_=fn_tt_tt_1
"Piano, The",https://www.imdb.com/title/tt0107822/?ref_=fn_tt_tt_1
"Grifters, The",https://www.imdb.com/title/tt0099703/?ref_=fn_tt_tt_1
Jaws,https://www.imdb.com/title/tt0073195/?ref_=fn_tt_tt_1
Batman 2,https://www.imdb.com/title/tt0103776/?ref_=fn_tt_tt_1
Matchstick Men,https://www.imdb.com/title/tt0325805/?ref_=fn_tt_tt_1
"Elephant Man, The",https://www.imdb.com/title/tt0080678/?ref_=fn_tt_tt_1
Shrek the Third,https://www.imdb.com/title/tt0413267/?ref_=fn_tt_tt_1
48 Hrs.,https://www.imdb.com/title/tt0083511/?ref_=fn_tt_tt_1
"Cincinnati Kid, The",https://www.imdb.com/title/tt0059037/?ref_=fn_tt_tt_1
Sicario,https://www.imdb.com/title/tt3397884/?ref_=fn_tt_tt_1
Elizabeth: The Golden Age,https://www.imdb.com/title/tt0414055/?ref_=fn_tt_tt_1
50-50,https://www.imdb.com/title/tt0106902/?ref_=fn_tt_tt_1
Cinema Paradiso,https://www.imdb.com/title/tt0095765/?ref_=fn_tt_tt_1
Titanic,https://www.imdb.com/title/tt0120338/?ref_=fn_tt_tt_1
Pineapple Express,https://www.imdb.com/title/tt0910936/?ref_=fn_tt_tt_1
Jaws 2,https://www.imdb.com/title/tt0077766/?ref_=fn_tt_tt_1
Sideways,https://www.imdb.com/title/tt0375063/?ref_=fn_tt_tt_1
500 Days of Summer,https://www.imdb.com/title/tt1022603/?ref_=fn_tt_tt_1
TMNT,https://www.imdb.com/title/tt0453556/?ref_=fn_tt_tt_1
Cirque du Freak: The Vampire's Assistant,https://www.imdb.com/title/tt0450405/?ref_=fn_tt_tt_1
Pirates of the Caribbean,https://www.imdb.com/title/tt0325980/?ref_=fn_tt_tt_1
Jay and Silent Bob Strike Back,https://www.imdb.com/title/tt0261392/?ref_=fn_tt_tt_1
8 Mile,https://www.imdb.com/title/tt0298203/?ref_=fn_tt_tt_1
To Sleep with Anger,https://www.imdb.com/title/tt0100791/?ref_=fn_tt_tt_1
Pirates of the Caribbean: Dead Man's Chest,https://www.imdb.com/title/tt0383574/?ref_=fn_tt_tt_1
Grosse Point Blank,https://www.imdb.com/title/tt0119229/?ref_=fn_tt_tt_1
"Matrix Reloaded, The",https://www.imdb.com/title/tt0234215/?ref_=fn_tt_tt_1
"Siege, The",https://www.imdb.com/title/tt0105690/?ref_=fn_tt_tt_1
Citizen Kane,https://www.imdb.com/title/tt0033467/?ref_=fn_tt_tt_1
Enemy of the State,https://www.imdb.com/title/tt0120660/?ref_=fn_tt_tt_1
Jennifer Eight,https://www.imdb.com/title/tt0104549/?ref_=fn_tt_tt_1
Tombstone,https://www.imdb.com/title/tt0108358/?ref_=fn_tt_tt_1
Batman and Robin,https://www.imdb.com/title/tt0118688/?ref_=fn_tt_tt_1
8MM,https://www.imdb.com/title/tt0134273/?ref_=fn_tt_tt_1
"Matrix, The",https://www.imdb.com/title/tt0133093/?ref_=fn_tt_tt_1
"English Patient, The",https://www.imdb.com/title/tt0116209/?ref_=fn_tt_tt_1
Groundhog Day,https://www.imdb.com/title/tt0107048/?ref_=fn_tt_tt_1
City of Joy,https://www.imdb.com/title/tt0103976/?ref_=fn_tt_tt_1
Tomorrow Never Dies,https://www.imdb.com/title/tt0120347/?ref_=fn_tt_tt_1
9,https://www.imdb.com/title/tt0472033/?ref_=fn_tt_tt_1
Jennifer's Body,https://www.imdb.com/title/tt1131734/?ref_=fn_tt_tt_1
Max Payne,https://www.imdb.com/title/tt0467197/?ref_=fn_tt_tt_1
Signs,https://www.imdb.com/title/tt0286106/?ref_=fn_tt_tt_1
Pitch Black,https://www.imdb.com/title/tt0134847/?ref_=fn_tt_tt_1
Batman Begins,https://www.imdb.com/title/tt0372784/?ref_=fn_tt_tt_1
"Grudge, The",https://www.imdb.com/title/tt3612126/?ref_=fn_tt_tt_1
Enough,https://www.imdb.com/title/tt0278435/?ref_=fn_tt_tt_1
Top Gun,https://www.imdb.com/title/tt0092099/?ref_=fn_tt_tt_1
Jerry Maguire,https://www.imdb.com/title/tt0116695/?ref_=fn_tt_tt_1
Silence of the Lambs,https://www.imdb.com/title/tt0102926/?ref_=fn_tt_tt_1
"Planet of the Apes, The",https://www.imdb.com/title/tt0133152/?ref_=fn_tt_tt_1
Clash of the Titans,https://www.imdb.com/title/tt0800320/?ref_=fn_tt_tt_1
Entrapment,https://www.imdb.com/title/tt0137494/?ref_=fn_tt_tt_1
Jeux Interdits,https://www.imdb.com/title/tt0043686/?ref_=fn_tt_tt_1
Batman Forever,https://www.imdb.com/title/tt0112462/?ref_=fn_tt_tt_1
Silver Bullet,https://www.imdb.com/title/tt1074638/?ref_=fn_tt_tt_1
Platinum Blonde,https://www.imdb.com/title/tt0022268/?ref_=fn_tt_tt_1
Total Recall,https://www.imdb.com/title/tt0100802/?ref_=fn_tt_tt_1
Guardians of the Galaxy Vol 2,https://www.imdb.com/title/tt8805968/?ref_=fn_tt_tt_1
Mean Streets,https://www.imdb.com/title/tt0070379/?ref_=fn_tt_tt_1
A Few Good Men,https://www.imdb.com/title/tt0104257/?ref_=fn_tt_tt_1
Clerks,https://www.imdb.com/title/tt0109445/?ref_=fn_tt_tt_1
Batman Returns,https://www.imdb.com/title/tt0103776/?ref_=fn_tt_tt_1
Hackers,https://www.imdb.com/title/tt0113243/?ref_=fn_tt_tt_1
Hall Pass,https://www.imdb.com/title/tt0480687/?ref_=fn_tt_tt_1
"Battle of Algiers, The",https://www.imdb.com/title/tt0058946/?ref_=fn_tt_tt_1
Cliffhanger,https://www.imdb.com/title/tt0106582/?ref_=fn_tt_tt_1
JFK,https://www.imdb.com/title/tt0102138/?ref_=fn_tt_tt_1
Equilibrium,https://www.imdb.com/title/tt0238380/?ref_=fn_tt_tt_1
Silver Linings Playbook,https://www.imdb.com/title/tt1045658/?ref_=fn_tt_tt_1
"Mechanic, The",https://www.imdb.com/title/tt0068931/?ref_=fn_tt_tt_1
A Most Violent Year,https://www.imdb.com/title/tt2937898/?ref_=fn_tt_tt_1
"Tourist, The",https://www.imdb.com/title/tt1243957/?ref_=fn_tt_tt_1
"Battle of Shaker Heights, The",https://www.imdb.com/title/tt0357470/?ref_=fn_tt_tt_1
"Clockwork Orange, A",https://www.imdb.com/title/tt0066921/?ref_=fn_tt_tt_1
Halloween: The Curse of Michael Myers,https://www.imdb.com/title/tt0113253/?ref_=fn_tt_tt_1
Meet Joe Black,https://www.imdb.com/title/tt0119643/?ref_=fn_tt_tt_1
Simone,https://www.imdb.com/title/tt0258153/?ref_=fn_tt_tt_1
Erik the Viking,https://www.imdb.com/title/tt0097289/?ref_=fn_tt_tt_1
Single White Female,https://www.imdb.com/title/tt0105414/?ref_=fn_tt_tt_1
Meet John Doe,https://www.imdb.com/title/tt0033891/?ref_=fn_tt_tt_1
Clueless,https://www.imdb.com/title/tt0112697/?ref_=fn_tt_tt_1
Sister Act,https://www.imdb.com/title/tt0105417/?ref_=fn_tt_tt_1
Toy Story,https://www.imdb.com/title/tt0114709/?ref_=fn_tt_tt_1
Megamind,https://www.imdb.com/title/tt1001526/?ref_=fn_tt_tt_1
Erin Brockovich,https://www.imdb.com/title/tt0195685/?ref_=fn_tt_tt_1
Cobb,https://www.imdb.com/title/tt0109450/?ref_=fn_tt_tt_1
Six Degrees of Separation,https://www.imdb.com/title/tt0108149/?ref_=fn_tt_tt_1
Traffic,https://www.imdb.com/title/tt0181865/?ref_=fn_tt_tt_1
Coco,https://www.imdb.com/title/tt2380307/?ref_=fn_tt_tt_1
Memento,https://www.imdb.com/title/tt0209144/?ref_=fn_tt_tt_1
"Sixth Sense, The",https://www.imdb.com/title/tt0167404/?ref_=fn_tt_tt_1
Escape From L.A.,https://www.imdb.com/title/tt0116225/?ref_=fn_tt_tt_1
Training Day,https://www.imdb.com/title/tt0139654/?ref_=fn_tt_tt_1
Code of Silence,https://www.imdb.com/title/tt0088936/?ref_=fn_tt_tt_1
Men in Black,https://www.imdb.com/title/tt0119654/?ref_=fn_tt_tt_1
Sleepless in Seattle,https://www.imdb.com/title/tt0108160/?ref_=fn_tt_tt_1
Escape From New York,https://www.imdb.com/title/tt0082340/?ref_=fn_tt_tt_1
Trainspotting,https://www.imdb.com/title/tt0117951/?ref_=fn_tt_tt_1
Battle: Los Angeles,https://www.imdb.com/title/tt1217613/?ref_=fn_tt_tt_1
Eternal Sunshine of the Spotless Mind,https://www.imdb.com/title/tt0338013/?ref_=fn_tt_tt_1
Men in Black 3,https://www.imdb.com/title/tt1409024/?ref_=fn_tt_tt_1
Transformers: The Movie,https://www.imdb.com/title/tt0092106/?ref_=fn_tt_tt_1
Sleepy Hollow,https://www.imdb.com/title/tt0162661/?ref_=fn_tt_tt_1
Jimmy and Judy,https://www.imdb.com/title/tt0425151/?ref_=fn_tt_tt_1
Hancock,https://www.imdb.com/title/tt0448157/?ref_=fn_tt_tt_1
A Scanner Darkly,https://www.imdb.com/title/tt0405296/?ref_=fn_tt_tt_1
Even Cowgirls Get the Blues,https://www.imdb.com/title/tt0106834/?ref_=fn_tt_tt_1
"Men Who Stare at Goats, The",https://www.imdb.com/title/tt1234548/?ref_=fn_tt_tt_1
"Beach, The",https://www.imdb.com/title/tt6511932/?ref_=fn_tt_tt_1
Sling Blade,https://www.imdb.com/title/tt0117666/?ref_=fn_tt_tt_1
Cold Mountain,https://www.imdb.com/title/tt0159365/?ref_=fn_tt_tt_1
A Serious Man,https://www.imdb.com/title/tt1019452/?ref_=fn_tt_tt_1
John Q,https://www.imdb.com/title/tt0251160/?ref_=fn_tt_tt_1
Event Horizon,https://www.imdb.com/title/tt0119081/?ref_=fn_tt_tt_1
"Hangover, The",https://www.imdb.com/title/tt1119646/?ref_=fn_tt_tt_1
Tremors,https://www.imdb.com/title/tt0100814/?ref_=fn_tt_tt_1
Bean,https://www.imdb.com/title/tt0118689/?ref_=fn_tt_tt_1
Collateral,https://www.imdb.com/title/tt0369339/?ref_=fn_tt_tt_1
Slither,https://www.imdb.com/title/tt0439815/?ref_=fn_tt_tt_1
Tristan and Isolde,https://www.imdb.com/title/tt0375154/?ref_=fn_tt_tt_1
A.I.,https://www.imdb.com/title/tt0212720/?ref_=fn_tt_tt_1
John Wick,https://www.imdb.com/title/tt2911666/?ref_=fn_tt_tt_1
Hanna,https://www.imdb.com/title/tt6932244/?ref_=fn_tt_tt_1
Collateral Damage,https://www.imdb.com/title/tt0233469/?ref_=fn_tt_tt_1
Judge Dredd,https://www.imdb.com/title/tt1343727/?ref_=fn_tt_tt_1
Slumdog Millionaire,https://www.imdb.com/title/tt1010048/?ref_=fn_tt_tt_1
Above the Law,https://www.imdb.com/title/tt0094602/?ref_=fn_tt_tt_1
Beasts of No Nation,https://www.imdb.com/title/tt1365050/?ref_=fn_tt_tt_1
TRON,https://www.imdb.com/title/tt1104001/?ref_=fn_tt_tt_1
Evil Dead,https://www.imdb.com/title/tt0083907/?ref_=fn_tt_tt_1
Hannah and Her Sisters,https://www.imdb.com/title/tt0091167/?ref_=fn_tt_tt_1
Metro,https://www.imdb.com/title/tt0119664/?ref_=fn_tt_tt_1
Smashed,https://www.imdb.com/title/tt2063781/?ref_=fn_tt_tt_1
Beasts of the Southern Wild,https://www.imdb.com/title/tt2125435/?ref_=fn_tt_tt_1
Juno,https://www.imdb.com/title/tt0467406/?ref_=fn_tt_tt_1
Colombiana,https://www.imdb.com/title/tt1657507/?ref_=fn_tt_tt_1
Absolute Power,https://www.imdb.com/title/tt0118548/?ref_=fn_tt_tt_1
Evil Dead II: Dead by Dawn,https://www.imdb.com/title/tt6868898/?ref_=fn_tt_tt_1
Hannibal,https://www.imdb.com/title/tt2243973/?ref_=fn_tt_tt_1
Smokin' Aces,https://www.imdb.com/title/tt0475394/?ref_=fn_tt_tt_1
Color of Night,https://www.imdb.com/title/tt0109456/?ref_=fn_tt_tt_1
Beauty and the Beast,https://www.imdb.com/title/tt2771200/?ref_=fn_tt_tt_1
Miami Vice,https://www.imdb.com/title/tt0086759/?ref_=fn_tt_tt_1
Jurassic Park,https://www.imdb.com/title/tt0107290/?ref_=fn_tt_tt_1
TRON: Legacy,https://www.imdb.com/title/tt1104001/?ref_=fn_tt_tt_1
"Happy Birthday, Wanda June",https://www.imdb.com/title/tt0067180/?ref_=fn_tt_tt_1
"Abyss, The",https://www.imdb.com/title/tt0096754/?ref_=fn_tt_tt_1
Ex Machina,https://www.imdb.com/title/tt0470752/?ref_=fn_tt_tt_1
Commando,https://www.imdb.com/title/tt0088944/?ref_=fn_tt_tt_1
Midnight Cowboy,https://www.imdb.com/title/tt0064665/?ref_=fn_tt_tt_1
Jurassic Park III,https://www.imdb.com/title/tt0163025/?ref_=fn_tt_tt_1
Happy Feet,https://www.imdb.com/title/tt0366548/?ref_=fn_tt_tt_1
Tropic Thunder,https://www.imdb.com/title/tt0942385/?ref_=fn_tt_tt_1
Ace Ventura: Pet Detective,https://www.imdb.com/title/tt0109040/?ref_=fn_tt_tt_1
Beavis and Butt-head Do America,https://www.imdb.com/title/tt0115641/?ref_=fn_tt_tt_1
Excalibur,https://www.imdb.com/title/tt0082348/?ref_=fn_tt_tt_1
Conan the Barbarian,https://www.imdb.com/title/tt0816462/?ref_=fn_tt_tt_1
Snatch,https://www.imdb.com/title/tt0208092/?ref_=fn_tt_tt_1
Midnight Express,https://www.imdb.com/title/tt0077928/?ref_=fn_tt_tt_1
Beginners,https://www.imdb.com/title/tt1532503/?ref_=fn_tt_tt_1
Hard Rain,https://www.imdb.com/title/tt0120696/?ref_=fn_tt_tt_1
Troy,https://www.imdb.com/title/tt0332452/?ref_=fn_tt_tt_1
Confessions of a Dangerous Mind,https://www.imdb.com/title/tt0270288/?ref_=fn_tt_tt_1
Hard to Kill,https://www.imdb.com/title/tt0099739/?ref_=fn_tt_tt_1
Midnight in Paris,https://www.imdb.com/title/tt1605783/?ref_=fn_tt_tt_1
True Grit,https://www.imdb.com/title/tt1403865/?ref_=fn_tt_tt_1
Being Human,https://www.imdb.com/title/tt1349938/?ref_=fn_tt_tt_1
Adaptation,https://www.imdb.com/title/tt0268126/?ref_=fn_tt_tt_1
Confidence,https://www.imdb.com/title/tt0310910/?ref_=fn_tt_tt_1
Mighty Joe Young,https://www.imdb.com/title/tt0120751/?ref_=fn_tt_tt_1
Harold and Kumar Go to White Castle,https://www.imdb.com/title/tt0366551/?ref_=fn_tt_tt_1
True Lies,https://www.imdb.com/title/tt0111503/?ref_=fn_tt_tt_1
Being John Malkovich,https://www.imdb.com/title/tt0120601/?ref_=fn_tt_tt_1
Harry Potter and the Chamber of Secrets,https://www.imdb.com/title/tt0295297/?ref_=fn_tt_tt_1
Mighty Morphin Power Rangers: The Movie,https://www.imdb.com/title/tt0113820/?ref_=fn_tt_tt_1
"Addams Family, The",https://www.imdb.com/title/tt1620981/?ref_=fn_tt_tt_1
Jurassic Park: The Lost World,https://www.imdb.com/title/tt0119567/?ref_=fn_tt_tt_1
Being There,https://www.imdb.com/title/tt0078841/?ref_=fn_tt_tt_1
True Romance,https://www.imdb.com/title/tt0108399/?ref_=fn_tt_tt_1
Constantine,https://www.imdb.com/title/tt0360486/?ref_=fn_tt_tt_1
Executive Decision,https://www.imdb.com/title/tt0116253/?ref_=fn_tt_tt_1
Harry Potter and the Deathly Hallows Part 1,https://www.imdb.com/title/tt0926084/?ref_=fn_tt_tt_1
Milk,https://www.imdb.com/title/tt1013753/?ref_=fn_tt_tt_1
Sneakers,https://www.imdb.com/title/tt0105435/?ref_=fn_tt_tt_1
Kafka,https://www.imdb.com/title/tt0102181/?ref_=fn_tt_tt_1
"Believer, The",https://www.imdb.com/title/tt7095654/?ref_=fn_tt_tt_1
"Truman Show, The",https://www.imdb.com/title/tt0120382/?ref_=fn_tt_tt_1
Contact,https://www.imdb.com/title/tt2543164/?ref_=fn_tt_tt_1
Harry Potter and the Goblet of Fire,https://www.imdb.com/title/tt0330373/?ref_=fn_tt_tt_1
eXistenZ,https://www.imdb.com/title/tt0120907/?ref_=fn_tt_tt_1
Snow Falling On Cedars,https://www.imdb.com/title/tt0120834/?ref_=fn_tt_tt_1
Miller's Crossing,https://www.imdb.com/title/tt0100150/?ref_=fn_tt_tt_1
"Cooler, The",https://www.imdb.com/title/tt0318374/?ref_=fn_tt_tt_1
Twilight,https://www.imdb.com/title/tt1099212/?ref_=fn_tt_tt_1
Extract,https://www.imdb.com/title/tt1225822/?ref_=fn_tt_tt_1
Harry Potter and the Half-Blood Prince,https://www.imdb.com/title/tt0417741/?ref_=fn_tt_tt_1
Snow White and the Huntsman,https://www.imdb.com/title/tt1735898/?ref_=fn_tt_tt_1
Mimic,https://www.imdb.com/title/tt0119675/?ref_=fn_tt_tt_1
Copycat,https://www.imdb.com/title/tt0112722/?ref_=fn_tt_tt_1
Twilight: New Moon,https://www.imdb.com/title/tt1259571/?ref_=fn_tt_tt_1
"Adjustment Bureau, The",https://www.imdb.com/title/tt1385826/?ref_=fn_tt_tt_1
Eyes Wide Shut,https://www.imdb.com/title/tt0120663/?ref_=fn_tt_tt_1
Kalifornia,https://www.imdb.com/title/tt0107302/?ref_=fn_tt_tt_1
So I Married an Axe Murderer,https://www.imdb.com/title/tt0108174/?ref_=fn_tt_tt_1
"Adventures of Buckaroo Banzai Across the Eighth Dimension, The",https://www.imdb.com/title/tt0086856/?ref_=fn_tt_tt_1
Twin Peaks,https://www.imdb.com/title/tt0098936/?ref_=fn_tt_tt_1
Harry Potter and the Prisoner of Azkaban,https://www.imdb.com/title/tt0304141/?ref_=fn_tt_tt_1
"Fabulous Baker Boys, The",https://www.imdb.com/title/tt0097322/?ref_=fn_tt_tt_1
Belle,https://www.imdb.com/title/tt2404181/?ref_=fn_tt_tt_1
Kate & Leopold,https://www.imdb.com/title/tt1586676/?ref_=fn_tt_tt_1
"Social Network, The",https://www.imdb.com/title/tt1285016/?ref_=fn_tt_tt_1
Face Off,https://www.imdb.com/title/tt0119094/?ref_=fn_tt_tt_1
Affliction,https://www.imdb.com/title/tt0118564/?ref_=fn_tt_tt_1
Harry Potter and the Sorcerer's Stone,https://www.imdb.com/title/tt0241527/?ref_=fn_tt_tt_1
Kids,https://www.imdb.com/title/tt0113540/?ref_=fn_tt_tt_1
Solaris,https://www.imdb.com/title/tt0069293/?ref_=fn_tt_tt_1
Twins,https://www.imdb.com/title/tt0096320/?ref_=fn_tt_tt_1
Mini's First Time,https://www.imdb.com/title/tt0425253/?ref_=fn_tt_tt_1
Coraline,https://www.imdb.com/title/tt0327597/?ref_=fn_tt_tt_1
Fair Game,https://www.imdb.com/title/tt0113010/?ref_=fn_tt_tt_1
Soldier,https://www.imdb.com/title/tt0120157/?ref_=fn_tt_tt_1
After School Special,https://www.imdb.com/title/tt0302297/?ref_=fn_tt_tt_1
"Kids Are All Right, The",https://www.imdb.com/title/tt0842926/?ref_=fn_tt_tt_1
"Haunting, The",https://www.imdb.com/title/tt6763664/?ref_=fn_tt_tt_1
Beloved,https://www.imdb.com/title/tt0120603/?ref_=fn_tt_tt_1
Coriolanus,https://www.imdb.com/title/tt1372686/?ref_=fn_tt_tt_1
Two For The Money,https://www.imdb.com/title/tt0417217/?ref_=fn_tt_tt_1
After.Life,https://www.imdb.com/title/tt0838247/?ref_=fn_tt_tt_1
Minority Report,https://www.imdb.com/title/tt0181689/?ref_=fn_tt_tt_1
"Family Man, The",https://www.imdb.com/title/tt0218967/?ref_=fn_tt_tt_1
He's Just Not That Into You,https://www.imdb.com/title/tt1001508/?ref_=fn_tt_tt_1
Benny & Joon,https://www.imdb.com/title/tt7221954/?ref_=fn_tt_tt_1
Kill Bill Volume 1 & 2,https://www.imdb.com/title/tt0266697/?ref_=fn_tt_tt_1
Agnes of God,https://www.imdb.com/title/tt0088683/?ref_=fn_tt_tt_1
U Turn,https://www.imdb.com/title/tt0120399/?ref_=fn_tt_tt_1
Fantastic Four,https://www.imdb.com/title/tt1502712/?ref_=fn_tt_tt_1
Heat,https://www.imdb.com/title/tt0113277/?ref_=fn_tt_tt_1
Courage Under Fire,https://www.imdb.com/title/tt0115956/?ref_=fn_tt_tt_1
"Best Exotic Marigold Hotel, The",https://www.imdb.com/title/tt1412386/?ref_=fn_tt_tt_1
Kill Your Darlings,https://www.imdb.com/title/tt1311071/?ref_=fn_tt_tt_1
Someone To Watch Over Me,https://www.imdb.com/title/tt0094008/?ref_=fn_tt_tt_1
"Ugly Truth, The",https://www.imdb.com/title/tt1142988/?ref_=fn_tt_tt_1
Air Force One,https://www.imdb.com/title/tt0118571/?ref_=fn_tt_tt_1
Fantastic Mr Fox,https://www.imdb.com/title/tt1531905/?ref_=fn_tt_tt_1
Big,https://www.imdb.com/title/tt0094737/?ref_=fn_tt_tt_1
Killing Zoe,https://www.imdb.com/title/tt0110265/?ref_=fn_tt_tt_1
Cowboys & Aliens,https://www.imdb.com/title/tt0052504/?ref_=fn_tt_tt_1
Airplane,https://www.imdb.com/title/tt6145474/?ref_=fn_tt_tt_1
Something's Gotta Give,https://www.imdb.com/title/tt0337741/?ref_=fn_tt_tt_1
"Miracle Worker, The",https://www.imdb.com/title/tt7529770/?ref_=fn_tt_tt_1
Heathers,https://www.imdb.com/title/tt0097493/?ref_=fn_tt_tt_1
King Kong,https://www.imdb.com/title/tt0360717/?ref_=fn_tt_tt_1
"Big Blue, The",https://www.imdb.com/title/tt0095250/?ref_=fn_tt_tt_1
Mirrors,https://www.imdb.com/title/tt0790686/?ref_=fn_tt_tt_1
Airplane 2: The Sequel,https://www.imdb.com/title/tt0083530/?ref_=fn_tt_tt_1
Heavenly Creatures,https://www.imdb.com/title/tt0110005/?ref_=fn_tt_tt_1
Cradle 2 the Grave,https://www.imdb.com/title/tt0306685/?ref_=fn_tt_tt_1
Aladdin,https://www.imdb.com/title/tt6139732/?ref_=fn_tt_tt_1
Misery,https://www.imdb.com/title/tt0100157/?ref_=fn_tt_tt_1
Big Eyes,https://www.imdb.com/title/tt1126590/?ref_=fn_tt_tt_1
Heavy Metal,https://www.imdb.com/title/tt0082509/?ref_=fn_tt_tt_1
Crank,https://www.imdb.com/title/tt0479884/?ref_=fn_tt_tt_1
Ali,https://www.imdb.com/title/tt0248667/?ref_=fn_tt_tt_1
Un Singe en Hiver,https://www.imdb.com/title/tt0056636/?ref_=fn_tt_tt_1
Fargo,https://www.imdb.com/title/tt2802850/?ref_=fn_tt_tt_1
Big Fish,https://www.imdb.com/title/tt0319061/?ref_=fn_tt_tt_1
Mission Impossible,https://www.imdb.com/title/tt0117060/?ref_=fn_tt_tt_1
Alien,https://www.imdb.com/title/tt0078748/?ref_=fn_tt_tt_1
"King of Comedy, The",https://www.imdb.com/title/tt0188766/?ref_=fn_tt_tt_1
"Hebrew Hammer, The",https://www.imdb.com/title/tt0317640/?ref_=fn_tt_tt_1
Crash,https://www.imdb.com/title/tt0375679/?ref_=fn_tt_tt_1
Unbreakable,https://www.imdb.com/title/tt0217869/?ref_=fn_tt_tt_1
Mission Impossible II,https://www.imdb.com/title/tt0120755/?ref_=fn_tt_tt_1
"Big Lebowski, The",https://www.imdb.com/title/tt0118715/?ref_=fn_tt_tt_1
Fast Times at Ridgemont High,https://www.imdb.com/title/tt0083929/?ref_=fn_tt_tt_1
Source Code,https://www.imdb.com/title/tt0945513/?ref_=fn_tt_tt_1
Heist,https://www.imdb.com/title/tt3276924/?ref_=fn_tt_tt_1
Alien 3,https://www.imdb.com/title/tt0103644/?ref_=fn_tt_tt_1
Under Fire,https://www.imdb.com/title/tt0086510/?ref_=fn_tt_tt_1
"Big Sick, The",https://www.imdb.com/title/tt5462602/?ref_=fn_tt_tt_1
"Crazy, Stupid, Love",https://www.imdb.com/title/tt1570728/?ref_=fn_tt_tt_1
"King's Speech, The",https://www.imdb.com/title/tt1504320/?ref_=fn_tt_tt_1
Fatal Instinct,https://www.imdb.com/title/tt0106873/?ref_=fn_tt_tt_1
Crazylove,https://www.imdb.com/title/tt0416658/?ref_=fn_tt_tt_1
"Kingdom, The",https://www.imdb.com/title/tt6611916/?ref_=fn_tt_tt_1
"Fault in Our Stars, The",https://www.imdb.com/title/tt2582846/?ref_=fn_tt_tt_1
Unforgiven,https://www.imdb.com/title/tt0105695/?ref_=fn_tt_tt_1
Alien Nation,https://www.imdb.com/title/tt0094631/?ref_=fn_tt_tt_1
Fear and Loathing in Las Vegas,https://www.imdb.com/title/tt0120669/?ref_=fn_tt_tt_1
Creation,https://www.imdb.com/title/tt0974014/?ref_=fn_tt_tt_1
Hellbound: Hellraiser II,https://www.imdb.com/title/tt0104409/?ref_=fn_tt_tt_1
Kiss of the Spider Woman,https://www.imdb.com/title/tt0089424/?ref_=fn_tt_tt_1
Unknown,https://www.imdb.com/title/tt1401152/?ref_=fn_tt_tt_1
Alien vs. Predator,https://www.imdb.com/title/tt0370263/?ref_=fn_tt_tt_1
Feast,https://www.imdb.com/title/tt0426459/?ref_=fn_tt_tt_1
Hellboy,https://www.imdb.com/title/tt2274648/?ref_=fn_tt_tt_1
Crime Spree,https://www.imdb.com/title/tt0310924/?ref_=fn_tt_tt_1
Up,https://www.imdb.com/title/tt1049413/?ref_=fn_tt_tt_1
Klute,https://www.imdb.com/title/tt0067309/?ref_=fn_tt_tt_1
Hellboy 2: The Golden Army,https://www.imdb.com/title/tt0411477/?ref_=fn_tt_tt_1
"Croods, The",https://www.imdb.com/title/tt0481499/?ref_=fn_tt_tt_1
Alien: Resurrection,https://www.imdb.com/title/tt0118583/?ref_=fn_tt_tt_1
Hellraiser,https://www.imdb.com/title/tt0093177/?ref_=fn_tt_tt_1
"Crouching Tiger, Hidden Dragon",https://www.imdb.com/title/tt0190332/?ref_=fn_tt_tt_1
Knocked Up,https://www.imdb.com/title/tt0478311/?ref_=fn_tt_tt_1
Mission to Mars,https://www.imdb.com/title/tt0183523/?ref_=fn_tt_tt_1
Up in the Air,https://www.imdb.com/title/tt1193138/?ref_=fn_tt_tt_1
Ferris Bueller's Day Off,https://www.imdb.com/title/tt0091042/?ref_=fn_tt_tt_1
"Big White, The",https://www.imdb.com/title/tt0402850/?ref_=fn_tt_tt_1
South Park,https://www.imdb.com/title/tt0121955/?ref_=fn_tt_tt_1
Hellraiser 3: Hell on Earth,https://www.imdb.com/title/tt0104409/?ref_=fn_tt_tt_1
Moneyball,https://www.imdb.com/title/tt1210166/?ref_=fn_tt_tt_1
Field of Dreams,https://www.imdb.com/title/tt0097351/?ref_=fn_tt_tt_1
Birdman,https://www.imdb.com/title/tt2562232/?ref_=fn_tt_tt_1
Space Milkshake,https://www.imdb.com/title/tt1954843/?ref_=fn_tt_tt_1
Hellraiser: Deader,https://www.imdb.com/title/tt0337636/?ref_=fn_tt_tt_1
"Fifth Element, The",https://www.imdb.com/title/tt0119116/?ref_=fn_tt_tt_1
Spanglish,https://www.imdb.com/title/tt0371246/?ref_=fn_tt_tt_1
"Birds, The",https://www.imdb.com/title/tt2737304/?ref_=fn_tt_tt_1
Monkeybone,https://www.imdb.com/title/tt0166276/?ref_=fn_tt_tt_1
Spare Me,https://www.imdb.com/title/tt7150322/?ref_=fn_tt_tt_1
Hellraiser: Hellseeker,https://www.imdb.com/title/tt0274546/?ref_=fn_tt_tt_1
Kramer vs Kramer,https://www.imdb.com/title/tt7015954/?ref_=fn_tt_tt_1
Monster's Ball,https://www.imdb.com/title/tt0285742/?ref_=fn_tt_tt_1
Birthday Girl,https://www.imdb.com/title/tt0188453/?ref_=fn_tt_tt_1
Fight Club,https://www.imdb.com/title/tt0137523/?ref_=fn_tt_tt_1
Aliens,https://www.imdb.com/title/tt0090605/?ref_=fn_tt_tt_1
"Help, The",https://www.imdb.com/title/tt9912446/?ref_=fn_tt_tt_1
Kundun,https://www.imdb.com/title/tt0119485/?ref_=fn_tt_tt_1
Spartan,https://www.imdb.com/title/tt0360009/?ref_=fn_tt_tt_1
"Usual Suspects, The",https://www.imdb.com/title/tt0114814/?ref_=fn_tt_tt_1
"Black Dahlia, The",https://www.imdb.com/title/tt0387877/?ref_=fn_tt_tt_1
Monte Carlo,https://www.imdb.com/title/tt1067774/?ref_=fn_tt_tt_1
Henry Fool,https://www.imdb.com/title/tt0122529/?ref_=fn_tt_tt_1
Kung Fu Panda,https://www.imdb.com/title/tt0441773/?ref_=fn_tt_tt_1
"Fighter, The",https://www.imdb.com/title/tt0964517/?ref_=fn_tt_tt_1
Henry's Crime,https://www.imdb.com/title/tt1220888/?ref_=fn_tt_tt_1
V for Vendetta,https://www.imdb.com/title/tt0434409/?ref_=fn_tt_tt_1
Black Rain,https://www.imdb.com/title/tt0096933/?ref_=fn_tt_tt_1
L.A. Confidential,https://www.imdb.com/title/tt0119488/?ref_=fn_tt_tt_1
Speed,https://www.imdb.com/title/tt0111257/?ref_=fn_tt_tt_1
Valentine's Day,https://www.imdb.com/title/tt0817230/?ref_=fn_tt_tt_1
All About Eve,https://www.imdb.com/title/tt0042192/?ref_=fn_tt_tt_1
Black Snake Moan,https://www.imdb.com/title/tt0462200/?ref_=fn_tt_tt_1
Final Destination,https://www.imdb.com/title/tt0195714/?ref_=fn_tt_tt_1
Her,https://www.imdb.com/title/tt1798709/?ref_=fn_tt_tt_1
La La Land,https://www.imdb.com/title/tt3783958/?ref_=fn_tt_tt_1
All About Steve,https://www.imdb.com/title/tt0881891/?ref_=fn_tt_tt_1
Black Swan,https://www.imdb.com/title/tt0947798/?ref_=fn_tt_tt_1
Speed Racer,https://www.imdb.com/title/tt0811080/?ref_=fn_tt_tt_1
Hesher,https://www.imdb.com/title/tt1403177/?ref_=fn_tt_tt_1
Labor of Love,https://www.imdb.com/title/tt1677731/?ref_=fn_tt_tt_1
Final Destination 2,https://www.imdb.com/title/tt0309593/?ref_=fn_tt_tt_1
Blade,https://www.imdb.com/title/tt0120611/?ref_=fn_tt_tt_1
Labyrinth,https://www.imdb.com/title/tt0091369/?ref_=fn_tt_tt_1
High Fidelity,https://www.imdb.com/title/tt0146882/?ref_=fn_tt_tt_1
All the King's Men,https://www.imdb.com/title/tt0041113/?ref_=fn_tt_tt_1
Croupier,https://www.imdb.com/title/tt0159382/?ref_=fn_tt_tt_1
Finding Nemo,https://www.imdb.com/title/tt0266543/?ref_=fn_tt_tt_1
All the President's Men,https://www.imdb.com/title/tt0074119/?ref_=fn_tt_tt_1
Highlander,https://www.imdb.com/title/tt0091203/?ref_=fn_tt_tt_1
Five Easy Pieces,https://www.imdb.com/title/tt0065724/?ref_=fn_tt_tt_1
Sphere,https://www.imdb.com/title/tt0120184/?ref_=fn_tt_tt_1
"Crow Salvation, The",https://www.imdb.com/title/tt0132910/?ref_=fn_tt_tt_1
Almost Famous,https://www.imdb.com/title/tt0181875/?ref_=fn_tt_tt_1
Flash Gordon,https://www.imdb.com/title/tt0080745/?ref_=fn_tt_tt_1
Highlander: Endgame,https://www.imdb.com/title/tt0144964/?ref_=fn_tt_tt_1
Valkyrie,https://www.imdb.com/title/tt0985699/?ref_=fn_tt_tt_1
Spider-Man,https://www.imdb.com/title/tt0145487/?ref_=fn_tt_tt_1
Alone in the Dark,https://www.imdb.com/title/tt0369226/?ref_=fn_tt_tt_1
"Crow, The",https://www.imdb.com/title/tt5580008/?ref_=fn_tt_tt_1
St. Elmo's Fire,https://www.imdb.com/title/tt0090060/?ref_=fn_tt_tt_1
"Hills Have Eyes, The",https://www.imdb.com/title/tt0454841/?ref_=fn_tt_tt_1
Vanilla Sky,https://www.imdb.com/title/tt0259711/?ref_=fn_tt_tt_1
Fletch,https://www.imdb.com/title/tt0089155/?ref_=fn_tt_tt_1
Blade II,https://www.imdb.com/title/tt0187738/?ref_=fn_tt_tt_1
Moon,https://www.imdb.com/title/tt1182345/?ref_=fn_tt_tt_1
"Ladykillers, The",https://www.imdb.com/title/tt0335245/?ref_=fn_tt_tt_1
His Girl Friday,https://www.imdb.com/title/tt0032599/?ref_=fn_tt_tt_1
"Crow: City of Angels, The",https://www.imdb.com/title/tt0115986/?ref_=fn_tt_tt_1
Star Trek,https://www.imdb.com/title/tt0060028/?ref_=fn_tt_tt_1
Flight,https://www.imdb.com/title/tt1907668/?ref_=fn_tt_tt_1
"Verdict, The",https://www.imdb.com/title/tt0084855/?ref_=fn_tt_tt_1
Blade Runner,https://www.imdb.com/title/tt0083658/?ref_=fn_tt_tt_1
Lake Placid,https://www.imdb.com/title/tt0139414/?ref_=fn_tt_tt_1
Moonrise Kingdom,https://www.imdb.com/title/tt1748122/?ref_=fn_tt_tt_1
Hitchcock,https://www.imdb.com/title/tt0975645/?ref_=fn_tt_tt_1
Cruel Intentions,https://www.imdb.com/title/tt0139134/?ref_=fn_tt_tt_1
Vertigo,https://www.imdb.com/title/tt0052357/?ref_=fn_tt_tt_1
"Flintstones, The",https://www.imdb.com/title/tt0109813/?ref_=fn_tt_tt_1
Star Trek II: The Wrath of Khan,https://www.imdb.com/title/tt0084726/?ref_=fn_tt_tt_1
Crying Game,https://www.imdb.com/title/tt1946935/?ref_=fn_tt_tt_1
Amadeus,https://www.imdb.com/title/tt0086879/?ref_=fn_tt_tt_1
"Hitchhiker's Guide to the Galaxy, The",https://www.imdb.com/title/tt0371724/?ref_=fn_tt_tt_1
Star Trek: First Contact,https://www.imdb.com/title/tt0117731/?ref_=fn_tt_tt_1
Land of the Dead,https://www.imdb.com/title/tt0418819/?ref_=fn_tt_tt_1
Moonstruck,https://www.imdb.com/title/tt0093565/?ref_=fn_tt_tt_1
Hollow Man,https://www.imdb.com/title/tt0164052/?ref_=fn_tt_tt_1
Amelia,https://www.imdb.com/title/tt0211915/?ref_=fn_tt_tt_1
Honeydripper,https://www.imdb.com/title/tt0829193/?ref_=fn_tt_tt_1
American Beauty,https://www.imdb.com/title/tt0169547/?ref_=fn_tt_tt_1
Larry Crowne,https://www.imdb.com/title/tt1583420/?ref_=fn_tt_tt_1
Cube,https://www.imdb.com/title/tt0123755/?ref_=fn_tt_tt_1
Blade: Trinity,https://www.imdb.com/title/tt0359013/?ref_=fn_tt_tt_1
Horrible Bosses,https://www.imdb.com/title/tt1499658/?ref_=fn_tt_tt_1
"Last Boy Scout, The",https://www.imdb.com/title/tt0102266/?ref_=fn_tt_tt_1
American Gangster,https://www.imdb.com/title/tt0765429/?ref_=fn_tt_tt_1
"Curious Case of Benjamin Button, The",https://www.imdb.com/title/tt0421715/?ref_=fn_tt_tt_1
"Horse Whisperer, The",https://www.imdb.com/title/tt0119314/?ref_=fn_tt_tt_1
Last Chance Harvey,https://www.imdb.com/title/tt1046947/?ref_=fn_tt_tt_1
Star Trek: Generations,https://www.imdb.com/title/tt0111280/?ref_=fn_tt_tt_1
Custody,https://www.imdb.com/title/tt6002232/?ref_=fn_tt_tt_1
"Blast from the Past, The",https://www.imdb.com/title/tt0124298/?ref_=fn_tt_tt_1
American Graffiti,https://www.imdb.com/title/tt0069704/?ref_=fn_tt_tt_1
"Hospital, The",https://www.imdb.com/title/tt0056758/?ref_=fn_tt_tt_1
Star Trek: Nemesis,https://www.imdb.com/title/tt0253754/?ref_=fn_tt_tt_1
"Last Flight, The",https://www.imdb.com/title/tt1234542/?ref_=fn_tt_tt_1
Mr Blandings Builds His Dream House,https://www.imdb.com/title/tt0040613/?ref_=fn_tt_tt_1
Dallas Buyers Club,https://www.imdb.com/title/tt0790636/?ref_=fn_tt_tt_1
American History X,https://www.imdb.com/title/tt0120586/?ref_=fn_tt_tt_1
"Blind Side, The",https://www.imdb.com/title/tt0878804/?ref_=fn_tt_tt_1
"Last of the Mohicans, The",https://www.imdb.com/title/tt0104691/?ref_=fn_tt_tt_1
Mr Brooks,https://www.imdb.com/title/tt0780571/?ref_=fn_tt_tt_1
"Damned United, The",https://www.imdb.com/title/tt1226271/?ref_=fn_tt_tt_1
American Hustle,https://www.imdb.com/title/tt1800241/?ref_=fn_tt_tt_1
"Bling Ring, The",https://www.imdb.com/title/tt2132285/?ref_=fn_tt_tt_1
"Last Samurai, The",https://www.imdb.com/title/tt0325710/?ref_=fn_tt_tt_1
Mr Deeds Goes to Town,https://www.imdb.com/title/tt0027996/?ref_=fn_tt_tt_1
"Last Station, The",https://www.imdb.com/title/tt0824758/?ref_=fn_tt_tt_1
Hostage,https://www.imdb.com/title/tt0340163/?ref_=fn_tt_tt_1
Forrest Gump,https://www.imdb.com/title/tt0109830/?ref_=fn_tt_tt_1
American Madness,https://www.imdb.com/title/tt0022626/?ref_=fn_tt_tt_1
Star Trek: The Motion Picture,https://www.imdb.com/title/tt0079945/?ref_=fn_tt_tt_1
Hot Tub Time Machine,https://www.imdb.com/title/tt1231587/?ref_=fn_tt_tt_1
Last Tango in Paris,https://www.imdb.com/title/tt0070849/?ref_=fn_tt_tt_1
Star Wars: A New Hope,https://www.imdb.com/title/tt0076759/?ref_=fn_tt_tt_1
Very Bad Things,https://www.imdb.com/title/tt0124198/?ref_=fn_tt_tt_1
Hotel Rwanda,https://www.imdb.com/title/tt0395169/?ref_=fn_tt_tt_1
Law Abiding Citizen,https://www.imdb.com/title/tt1197624/?ref_=fn_tt_tt_1
Four Feathers,https://www.imdb.com/title/tt0005353/?ref_=fn_tt_tt_1
"Village, The",https://www.imdb.com/title/tt7866098/?ref_=fn_tt_tt_1
House of 1000 Corpses,https://www.imdb.com/title/tt0251736/?ref_=fn_tt_tt_1
Le Diable par la Queue,https://www.imdb.com/title/tt0064232/?ref_=fn_tt_tt_1
Four Rooms,https://www.imdb.com/title/tt0113101/?ref_=fn_tt_tt_1
How to Lose Friends & Alienate People,https://www.imdb.com/title/tt0455538/?ref_=fn_tt_tt_1
Virtuosity,https://www.imdb.com/title/tt0114857/?ref_=fn_tt_tt_1
Star Wars: Attack of the Clones,https://www.imdb.com/title/tt5748668/?ref_=fn_tt_tt_1
Foxcatcher,https://www.imdb.com/title/tt1100089/?ref_=fn_tt_tt_1
Star Wars: Return of the Jedi,https://www.imdb.com/title/tt0086190/?ref_=fn_tt_tt_1
How to Train Your Dragon,https://www.imdb.com/title/tt0892769/?ref_=fn_tt_tt_1
"Visitor, The",https://www.imdb.com/title/tt0857191/?ref_=fn_tt_tt_1
Leaving Las Vegas,https://www.imdb.com/title/tt0113627/?ref_=fn_tt_tt_1
Fracture,https://www.imdb.com/title/tt0488120/?ref_=fn_tt_tt_1
Star Wars: Revenge of the Sith,https://www.imdb.com/title/tt0121766/?ref_=fn_tt_tt_1
How to Train Your Dragon 2,https://www.imdb.com/title/tt1646971/?ref_=fn_tt_tt_1
Wag the Dog,https://www.imdb.com/title/tt0120885/?ref_=fn_tt_tt_1
Blood and Wine,https://www.imdb.com/title/tt0115710/?ref_=fn_tt_tt_1
Legally Blonde,https://www.imdb.com/title/tt0250494/?ref_=fn_tt_tt_1
Mr. Holland's Opus,https://www.imdb.com/title/tt0113862/?ref_=fn_tt_tt_1
Hudson Hawk,https://www.imdb.com/title/tt0102070/?ref_=fn_tt_tt_1
Star Wars: The Empire Strikes Back,https://www.imdb.com/title/tt0080684/?ref_=fn_tt_tt_1
Blood Simple,https://www.imdb.com/title/tt0086979/?ref_=fn_tt_tt_1
Dances with Wolves,https://www.imdb.com/title/tt0099348/?ref_=fn_tt_tt_1
American Milkshake,https://www.imdb.com/title/tt2254364/?ref_=fn_tt_tt_1
Mrs. Brown,https://www.imdb.com/title/tt1819022/?ref_=fn_tt_tt_1
Frances,https://www.imdb.com/title/tt0083967/?ref_=fn_tt_tt_1
"Walk to Remember, A",https://www.imdb.com/title/tt0281358/?ref_=fn_tt_tt_1
Legend,https://www.imdb.com/title/tt3569230/?ref_=fn_tt_tt_1
Star Wars: The Force Awakens,https://www.imdb.com/title/tt2488496/?ref_=fn_tt_tt_1
"Hudsucker Proxy, The",https://www.imdb.com/title/tt0110074/?ref_=fn_tt_tt_1
Frankenstein,https://www.imdb.com/title/tt1976009/?ref_=fn_tt_tt_1
Blow,https://www.imdb.com/title/tt0221027/?ref_=fn_tt_tt_1
American Outlaws,https://www.imdb.com/title/tt0244000/?ref_=fn_tt_tt_1
Walking Tall,https://www.imdb.com/title/tt0351977/?ref_=fn_tt_tt_1
Dark City,https://www.imdb.com/title/tt0118929/?ref_=fn_tt_tt_1
Frankenweenie,https://www.imdb.com/title/tt1142977/?ref_=fn_tt_tt_1
Human Nature,https://www.imdb.com/title/tt0219822/?ref_=fn_tt_tt_1
Blue Valentine,https://www.imdb.com/title/tt1120985/?ref_=fn_tt_tt_1
Legion,https://www.imdb.com/title/tt5114356/?ref_=fn_tt_tt_1
American Pie,https://www.imdb.com/title/tt0163651/?ref_=fn_tt_tt_1
Mud,https://www.imdb.com/title/tt1935179/?ref_=fn_tt_tt_1
Blue Velvet,https://www.imdb.com/title/tt0090756/?ref_=fn_tt_tt_1
"Dark Knight Rises, The",https://www.imdb.com/title/tt1345836/?ref_=fn_tt_tt_1
"Hunt for Red October, The",https://www.imdb.com/title/tt0099810/?ref_=fn_tt_tt_1
"Blues Brothers, The",https://www.imdb.com/title/tt0080455/?ref_=fn_tt_tt_1
"American President, The",https://www.imdb.com/title/tt0112346/?ref_=fn_tt_tt_1
Les Miserables,https://www.imdb.com/title/tt5900600/?ref_=fn_tt_tt_1
American Psycho,https://www.imdb.com/title/tt0144084/?ref_=fn_tt_tt_1
"Hurt Locker, The",https://www.imdb.com/title/tt0887912/?ref_=fn_tt_tt_1
Les Tontons Flingueurs,https://www.imdb.com/title/tt0057591/?ref_=fn_tt_tt_1
"Bodies, Rest & Motion",https://www.imdb.com/title/tt0106447/?ref_=fn_tt_tt_1
I Am Number Four,https://www.imdb.com/title/tt1464540/?ref_=fn_tt_tt_1
American Shaolin: King of Kickboxers II,https://www.imdb.com/title/tt0101327/?ref_=fn_tt_tt_1
"Dark Knight, The",https://www.imdb.com/title/tt0468569/?ref_=fn_tt_tt_1
I am Sam,https://www.imdb.com/title/tt0277027/?ref_=fn_tt_tt_1
American Sniper,https://www.imdb.com/title/tt2179136/?ref_=fn_tt_tt_1
Lethal Weapon,https://www.imdb.com/title/tt5164196/?ref_=fn_tt_tt_1
Dark Star,https://www.imdb.com/title/tt0069945/?ref_=fn_tt_tt_1
Star Wars: The Phantom Menace,https://www.imdb.com/title/tt3902260/?ref_=fn_tt_tt_1
American Splendor,https://www.imdb.com/title/tt0305206/?ref_=fn_tt_tt_1
I Love You Phillip Morris,https://www.imdb.com/title/tt1045772/?ref_=fn_tt_tt_1
Darkman,https://www.imdb.com/title/tt0099365/?ref_=fn_tt_tt_1
American Werewolf in London,https://www.imdb.com/title/tt1789110/?ref_=fn_tt_tt_1
I Spit on Your Grave,https://www.imdb.com/title/tt1242432/?ref_=fn_tt_tt_1
I Still Know What You Did Last Summer,https://www.imdb.com/title/tt0130018/?ref_=fn_tt_tt_1
"American, The",https://www.imdb.com/title/tt1898069/?ref_=fn_tt_tt_1
Date Night,https://www.imdb.com/title/tt1279935/?ref_=fn_tt_tt_1
Dave Barry's Complete Guide to Guys,https://www.imdb.com/title/tt0407680/?ref_=fn_tt_tt_1
Wall Street,https://www.imdb.com/title/tt0094291/?ref_=fn_tt_tt_1
"Amityville Asylum, The",https://www.imdb.com/title/tt2216212/?ref_=fn_tt_tt_1
Dawn of the Dead,https://www.imdb.com/title/tt0363547/?ref_=fn_tt_tt_1
Lethal Weapon 4,https://www.imdb.com/title/tt0122151/?ref_=fn_tt_tt_1
Amour,https://www.imdb.com/title/tt1602620/?ref_=fn_tt_tt_1
Mulan,https://www.imdb.com/title/tt0120762/?ref_=fn_tt_tt_1
Wall Street: Money Never Sleeps,https://www.imdb.com/title/tt1027718/?ref_=fn_tt_tt_1
Day of the Dead,https://www.imdb.com/title/tt0088993/?ref_=fn_tt_tt_1
An Education,https://www.imdb.com/title/tt1174732/?ref_=fn_tt_tt_1
Mulholland Drive,https://www.imdb.com/title/tt0166924/?ref_=fn_tt_tt_1
Wall-E,https://www.imdb.com/title/tt0910970/?ref_=fn_tt_tt_1
I'll Do Anything,https://www.imdb.com/title/tt0110097/?ref_=fn_tt_tt_1
Starman,https://www.imdb.com/title/tt0088172/?ref_=fn_tt_tt_1
Freaked,https://www.imdb.com/title/tt0109838/?ref_=fn_tt_tt_1
Analyze That,https://www.imdb.com/title/tt0289848/?ref_=fn_tt_tt_1
"Day the Clown Cried, The",https://www.imdb.com/title/tt0068451/?ref_=fn_tt_tt_1
Wanted,https://www.imdb.com/title/tt0493464/?ref_=fn_tt_tt_1
Leviathan,https://www.imdb.com/title/tt0097737/?ref_=fn_tt_tt_1
Starship Troopers,https://www.imdb.com/title/tt0120201/?ref_=fn_tt_tt_1
Freddy vs. Jason,https://www.imdb.com/title/tt0329101/?ref_=fn_tt_tt_1
"I, Robot",https://www.imdb.com/title/tt0343818/?ref_=fn_tt_tt_1
Mumford,https://www.imdb.com/title/tt0140397/?ref_=fn_tt_tt_1
"Ice Storm, The",https://www.imdb.com/title/tt0119349/?ref_=fn_tt_tt_1
War for the Planet of the Apes,https://www.imdb.com/title/tt3450958/?ref_=fn_tt_tt_1
Analyze This,https://www.imdb.com/title/tt0122933/?ref_=fn_tt_tt_1
"Day the Earth Stood Still, The",https://www.imdb.com/title/tt0970416/?ref_=fn_tt_tt_1
State and Main,https://www.imdb.com/title/tt0120202/?ref_=fn_tt_tt_1
"French Connection, The",https://www.imdb.com/title/tt0067116/?ref_=fn_tt_tt_1
Anastasia,https://www.imdb.com/title/tt0118617/?ref_=fn_tt_tt_1
Station West,https://www.imdb.com/title/tt0040835/?ref_=fn_tt_tt_1
"Mummy, The",https://www.imdb.com/title/tt5220552/?ref_=fn_tt_tt_1
Liar Liar,https://www.imdb.com/title/tt0119528/?ref_=fn_tt_tt_1
Angel Eyes,https://www.imdb.com/title/tt0225071/?ref_=fn_tt_tt_1
Stepmom,https://www.imdb.com/title/tt0120686/?ref_=fn_tt_tt_1
Frequency,https://www.imdb.com/title/tt0186151/?ref_=fn_tt_tt_1
Music of the Heart,https://www.imdb.com/title/tt0166943/?ref_=fn_tt_tt_1
Angels & Demons,https://www.imdb.com/title/tt0109127/?ref_=fn_tt_tt_1
Body Heat,https://www.imdb.com/title/tt0105156/?ref_=fn_tt_tt_1
Life,https://www.imdb.com/title/tt5442430/?ref_=fn_tt_tt_1
Friday the 13th,https://www.imdb.com/title/tt0758746/?ref_=fn_tt_tt_1
"Sting, The",https://www.imdb.com/title/tt0070735/?ref_=fn_tt_tt_1
Life As A House,https://www.imdb.com/title/tt0264796/?ref_=fn_tt_tt_1
Body of Evidence,https://www.imdb.com/title/tt1587669/?ref_=fn_tt_tt_1
Anna Karenina,https://www.imdb.com/title/tt1781769/?ref_=fn_tt_tt_1
Friday the 13th Part VIII: Jason Takes Manhattan,https://www.imdb.com/title/tt0097388/?ref_=fn_tt_tt_1
Stir of Echoes,https://www.imdb.com/title/tt0164181/?ref_=fn_tt_tt_1
"Life of David Gale, The",https://www.imdb.com/title/tt0289992/?ref_=fn_tt_tt_1
Annie Hall,https://www.imdb.com/title/tt0075686/?ref_=fn_tt_tt_1
War Horse,https://www.imdb.com/title/tt1568911/?ref_=fn_tt_tt_1
Mute Witness,https://www.imdb.com/title/tt0110604/?ref_=fn_tt_tt_1
"Anniversary Party, The",https://www.imdb.com/title/tt0254099/?ref_=fn_tt_tt_1
Fright Night,https://www.imdb.com/title/tt0089175/?ref_=fn_tt_tt_1
Anonymous,https://www.imdb.com/title/tt1521197/?ref_=fn_tt_tt_1
Days of Heaven,https://www.imdb.com/title/tt0077405/?ref_=fn_tt_tt_1
War of the Worlds,https://www.imdb.com/title/tt0407304/?ref_=fn_tt_tt_1
Fright Night (1985),https://www.imdb.com/title/tt0089175/?ref_=fn_tt_tt_1
Warm Springs,https://www.imdb.com/title/tt0423510/?ref_=fn_tt_tt_1
From Dusk Till Dawn,https://www.imdb.com/title/tt0116367/?ref_=fn_tt_tt_1
Antitrust,https://www.imdb.com/title/tt0218817/?ref_=fn_tt_tt_1
"Ides of March, The",https://www.imdb.com/title/tt1124035/?ref_=fn_tt_tt_1
Life of Pi,https://www.imdb.com/title/tt0454876/?ref_=fn_tt_tt_1
My Best Friend's Wedding,https://www.imdb.com/title/tt0119738/?ref_=fn_tt_tt_1
Warrior,https://www.imdb.com/title/tt5743796/?ref_=fn_tt_tt_1
Dead Poets Society,https://www.imdb.com/title/tt0097165/?ref_=fn_tt_tt_1
From Here to Eternity,https://www.imdb.com/title/tt0045793/?ref_=fn_tt_tt_1
Antz,https://www.imdb.com/title/tt0120587/?ref_=fn_tt_tt_1
Watchmen,https://www.imdb.com/title/tt0409459/?ref_=fn_tt_tt_1
"Imaginarium of Doctor Parnassus, The",https://www.imdb.com/title/tt1054606/?ref_=fn_tt_tt_1
Light Sleeper,https://www.imdb.com/title/tt0102307/?ref_=fn_tt_tt_1
"Apartment, The",https://www.imdb.com/title/tt0053604/?ref_=fn_tt_tt_1
Deadpool,https://www.imdb.com/title/tt1431045/?ref_=fn_tt_tt_1
Frozen,https://www.imdb.com/title/tt2294629/?ref_=fn_tt_tt_1
Storytelling,https://www.imdb.com/title/tt0250081/?ref_=fn_tt_tt_1
Water for Elephants,https://www.imdb.com/title/tt1067583/?ref_=fn_tt_tt_1
Apocalypse Now,https://www.imdb.com/title/tt0078788/?ref_=fn_tt_tt_1
In the Bedroom,https://www.imdb.com/title/tt0247425/?ref_=fn_tt_tt_1
Bodyguard,https://www.imdb.com/title/tt7493974/?ref_=fn_tt_tt_1
"Limey, The",https://www.imdb.com/title/tt0165854/?ref_=fn_tt_tt_1
My Girl,https://www.imdb.com/title/tt0102492/?ref_=fn_tt_tt_1
Straight Outta Compton,https://www.imdb.com/title/tt1398426/?ref_=fn_tt_tt_1
Frozen (Disney),https://www.imdb.com/title/tt9815560/?ref_=fn_tt_tt_1
Dear White People,https://www.imdb.com/title/tt5707802/?ref_=fn_tt_tt_1
"Way Back, The",https://www.imdb.com/title/tt1023114/?ref_=fn_tt_tt_1
My Mother Dreams the Satan's Disciples in New York,https://www.imdb.com/title/tt0177023/?ref_=fn_tt_tt_1
Limitless,https://www.imdb.com/title/tt1219289/?ref_=fn_tt_tt_1
Frozen River,https://www.imdb.com/title/tt0978759/?ref_=fn_tt_tt_1
Death at a Funeral,https://www.imdb.com/title/tt0795368/?ref_=fn_tt_tt_1
Bones,https://www.imdb.com/title/tt0460627/?ref_=fn_tt_tt_1
In the Loop,https://www.imdb.com/title/tt1226774/?ref_=fn_tt_tt_1
Death to Smoochy,https://www.imdb.com/title/tt0266452/?ref_=fn_tt_tt_1
We Own the Night,https://www.imdb.com/title/tt0498399/?ref_=fn_tt_tt_1
Bonfire of the Vanities,https://www.imdb.com/title/tt6151198/?ref_=fn_tt_tt_1
My Week with Marilyn,https://www.imdb.com/title/tt1655420/?ref_=fn_tt_tt_1
Fruitvale Station,https://www.imdb.com/title/tt2334649/?ref_=fn_tt_tt_1
Inception,https://www.imdb.com/title/tt1375666/?ref_=fn_tt_tt_1
Lincoln,https://www.imdb.com/title/tt0443272/?ref_=fn_tt_tt_1
Apollo 13,https://www.imdb.com/title/tt0112384/?ref_=fn_tt_tt_1
Strange Days,https://www.imdb.com/title/tt0114558/?ref_=fn_tt_tt_1
"Lincoln Lawyer, The",https://www.imdb.com/title/tt1189340/?ref_=fn_tt_tt_1
What About Bob?,https://www.imdb.com/title/tt0103241/?ref_=fn_tt_tt_1
"Fugitive, The",https://www.imdb.com/title/tt0106977/?ref_=fn_tt_tt_1
Bonnie and Clyde,https://www.imdb.com/title/tt0061418/?ref_=fn_tt_tt_1
Mystery Men,https://www.imdb.com/title/tt0132347/?ref_=fn_tt_tt_1
April Fool's Day,https://www.imdb.com/title/tt0090655/?ref_=fn_tt_tt_1
What Lies Beneath,https://www.imdb.com/title/tt0161081/?ref_=fn_tt_tt_1
"Lion King, The",https://www.imdb.com/title/tt6105098/?ref_=fn_tt_tt_1
Full Metal Jacket,https://www.imdb.com/title/tt0093058/?ref_=fn_tt_tt_1
Strangers on a Train,https://www.imdb.com/title/tt0044079/?ref_=fn_tt_tt_1
Napoleon Dynamite,https://www.imdb.com/title/tt0374900/?ref_=fn_tt_tt_1
Apt Pupil,https://www.imdb.com/title/tt0118636/?ref_=fn_tt_tt_1
When a Stranger Calls,https://www.imdb.com/title/tt0455857/?ref_=fn_tt_tt_1
Little Athens,https://www.imdb.com/title/tt0417907/?ref_=fn_tt_tt_1
Boogie Nights,https://www.imdb.com/title/tt0118749/?ref_=fn_tt_tt_1
Funny People,https://www.imdb.com/title/tt1201167/?ref_=fn_tt_tt_1
Arbitrage,https://www.imdb.com/title/tt1764183/?ref_=fn_tt_tt_1
"Debt, The",https://www.imdb.com/title/tt4440310/?ref_=fn_tt_tt_1
"Stuntman, The",https://www.imdb.com/title/tt0081568/?ref_=fn_tt_tt_1
Nashville,https://www.imdb.com/title/tt2281375/?ref_=fn_tt_tt_1
"Book of Eli, The",https://www.imdb.com/title/tt1037705/?ref_=fn_tt_tt_1
"Little Mermaid, The",https://www.imdb.com/title/tt0097757/?ref_=fn_tt_tt_1
When Harry Met Sally,https://www.imdb.com/title/tt0098635/?ref_=fn_tt_tt_1
Sugar,https://www.imdb.com/title/tt0990413/?ref_=fn_tt_tt_1
Deception,https://www.imdb.com/title/tt1924396/?ref_=fn_tt_tt_1
"Incredibles, The",https://www.imdb.com/title/tt3606756/?ref_=fn_tt_tt_1
Arcade,https://www.imdb.com/title/tt0106302/?ref_=fn_tt_tt_1
While She Was Out,https://www.imdb.com/title/tt0887971/?ref_=fn_tt_tt_1
Natural Born Killers,https://www.imdb.com/title/tt0110632/?ref_=fn_tt_tt_1
Sugar and Spice,https://www.imdb.com/title/tt0098915/?ref_=fn_tt_tt_1
Little Nicky,https://www.imdb.com/title/tt0185431/?ref_=fn_tt_tt_1
Boondock Saints 2: All Saints Day,https://www.imdb.com/title/tt1300851/?ref_=fn_tt_tt_1
Fury,https://www.imdb.com/title/tt2713180/?ref_=fn_tt_tt_1
Deep Cover,https://www.imdb.com/title/tt0104073/?ref_=fn_tt_tt_1
Arctic Blue,https://www.imdb.com/title/tt0106303/?ref_=fn_tt_tt_1
"Whistleblower, The",https://www.imdb.com/title/tt0896872/?ref_=fn_tt_tt_1
Never Been Kissed,https://www.imdb.com/title/tt0151738/?ref_=fn_tt_tt_1
"Boondock Saints, The",https://www.imdb.com/title/tt0144117/?ref_=fn_tt_tt_1
Sunset Blvd.,https://www.imdb.com/title/tt0043014/?ref_=fn_tt_tt_1
G.I. Jane,https://www.imdb.com/title/tt0119173/?ref_=fn_tt_tt_1
Deep Rising,https://www.imdb.com/title/tt0118956/?ref_=fn_tt_tt_1
Living in Oblivion,https://www.imdb.com/title/tt0113677/?ref_=fn_tt_tt_1
Sunshine Cleaning,https://www.imdb.com/title/tt0862846/?ref_=fn_tt_tt_1
"Neverending Story, The",https://www.imdb.com/title/tt0088323/?ref_=fn_tt_tt_1
Bottle Rocket,https://www.imdb.com/title/tt0115734/?ref_=fn_tt_tt_1
G.I. Joe: The Rise of Cobra,https://www.imdb.com/title/tt1046173/?ref_=fn_tt_tt_1
White Christmas,https://www.imdb.com/title/tt0047673/?ref_=fn_tt_tt_1
"Lock, Stock and Two Smoking Barrels",https://www.imdb.com/title/tt0120735/?ref_=fn_tt_tt_1
"Deer Hunter, The",https://www.imdb.com/title/tt0077416/?ref_=fn_tt_tt_1
Bound,https://www.imdb.com/title/tt0115736/?ref_=fn_tt_tt_1
Super 8,https://www.imdb.com/title/tt1650062/?ref_=fn_tt_tt_1
Argo,https://www.imdb.com/title/tt1024648/?ref_=fn_tt_tt_1
White Jazz,https://www.imdb.com/title/tt0892384/?ref_=fn_tt_tt_1
New York Minute,https://www.imdb.com/title/tt0363282/?ref_=fn_tt_tt_1
Defiance,https://www.imdb.com/title/tt2189221/?ref_=fn_tt_tt_1
Logan,https://www.imdb.com/title/tt3315342/?ref_=fn_tt_tt_1
Superbad,https://www.imdb.com/title/tt0829482/?ref_=fn_tt_tt_1
Armageddon,https://www.imdb.com/title/tt0120591/?ref_=fn_tt_tt_1
"Bounty Hunter, The",https://www.imdb.com/title/tt7350790/?ref_=fn_tt_tt_1
Newsies,https://www.imdb.com/title/tt0104990/?ref_=fn_tt_tt_1
"White Ribbon, The",https://www.imdb.com/title/tt1149362/?ref_=fn_tt_tt_1
Superfights,https://www.imdb.com/title/tt0114582/?ref_=fn_tt_tt_1
"Departed, The",https://www.imdb.com/title/tt0407887/?ref_=fn_tt_tt_1
Independence Day,https://www.imdb.com/title/tt0116629/?ref_=fn_tt_tt_1
Game 6,https://www.imdb.com/title/tt0425055/?ref_=fn_tt_tt_1
"Bourne Identity, The",https://www.imdb.com/title/tt0258463/?ref_=fn_tt_tt_1
Supergirl,https://www.imdb.com/title/tt4016454/?ref_=fn_tt_tt_1
White Squall,https://www.imdb.com/title/tt0118158/?ref_=fn_tt_tt_1
Next,https://www.imdb.com/title/tt0435705/?ref_=fn_tt_tt_1
Indiana Jones and the Last Crusade,https://www.imdb.com/title/tt0097576/?ref_=fn_tt_tt_1
"Bourne Supremacy, The",https://www.imdb.com/title/tt0372183/?ref_=fn_tt_tt_1
"Descendants, The",https://www.imdb.com/title/tt8022928/?ref_=fn_tt_tt_1
"Surfer King, The",https://www.imdb.com/title/tt0418206/?ref_=fn_tt_tt_1
Next Friday,https://www.imdb.com/title/tt0195945/?ref_=fn_tt_tt_1
"Game, The",https://www.imdb.com/title/tt0944947/?ref_=fn_tt_tt_1
"Next Three Days, The",https://www.imdb.com/title/tt1458175/?ref_=fn_tt_tt_1
Gamer,https://www.imdb.com/title/tt1034032/?ref_=fn_tt_tt_1
Indiana Jones and the Raiders of the Lost Ark,https://www.imdb.com/title/tt0082971/?ref_=fn_tt_tt_1
Surrogates,https://www.imdb.com/title/tt0986263/?ref_=fn_tt_tt_1
Whiteout,https://www.imdb.com/title/tt0365929/?ref_=fn_tt_tt_1
Logan's Run,https://www.imdb.com/title/tt0074812/?ref_=fn_tt_tt_1
Army of Darkness,https://www.imdb.com/title/tt0106308/?ref_=fn_tt_tt_1
Indiana Jones and the Temple of Doom,https://www.imdb.com/title/tt0087469/?ref_=fn_tt_tt_1
Lone Star,https://www.imdb.com/title/tt0043751/?ref_=fn_tt_tt_1
Who Framed Roger Rabbit?,https://www.imdb.com/title/tt4202430/?ref_=fn_tt_tt_1
Ni vu ni connu,https://www.imdb.com/title/tt1542249/?ref_=fn_tt_tt_1
Arsenic and Old Lace,https://www.imdb.com/title/tt0036613/?ref_=fn_tt_tt_1
Suspect Zero,https://www.imdb.com/title/tt0324127/?ref_=fn_tt_tt_1
"Long Kiss Goodnight, The",https://www.imdb.com/title/tt0116908/?ref_=fn_tt_tt_1
Indiana Jones IV,https://www.imdb.com/title/tt0097576/?ref_=fn_tt_tt_1
Sweeney Todd: The Demon Barber of Fleet Street,https://www.imdb.com/title/tt0408236/?ref_=fn_tt_tt_1
Who's Your Daddy,https://www.imdb.com/title/tt1966359/?ref_=fn_tt_tt_1
Nick of Time,https://www.imdb.com/title/tt0113972/?ref_=fn_tt_tt_1
Arthur,https://www.imdb.com/title/tt0169414/?ref_=fn_tt_tt_1
Looper,https://www.imdb.com/title/tt1276104/?ref_=fn_tt_tt_1
"Informant, The",https://www.imdb.com/title/tt1130080/?ref_=fn_tt_tt_1
Wild At Heart,https://www.imdb.com/title/tt0100935/?ref_=fn_tt_tt_1
"Sweet Hereafter, The",https://www.imdb.com/title/tt0120255/?ref_=fn_tt_tt_1
"Artist, The",https://www.imdb.com/title/tt3521126/?ref_=fn_tt_tt_1
Inglourious Basterds,https://www.imdb.com/title/tt0361748/?ref_=fn_tt_tt_1
Lord of Illusions,https://www.imdb.com/title/tt0113690/?ref_=fn_tt_tt_1
Gandhi,https://www.imdb.com/title/tt0083987/?ref_=fn_tt_tt_1
As Good As It Gets,https://www.imdb.com/title/tt0119822/?ref_=fn_tt_tt_1
"Wild Bunch, The",https://www.imdb.com/title/tt0065214/?ref_=fn_tt_tt_1
Sweet Smell of Success,https://www.imdb.com/title/tt0051036/?ref_=fn_tt_tt_1
Night Time (The Poltergeist Treatment),none
Gang Related,https://www.imdb.com/title/tt0118900/?ref_=fn_tt_tt_1
Innerspace,https://www.imdb.com/title/tt0093260/?ref_=fn_tt_tt_1
Assassins,https://www.imdb.com/title/tt0112401/?ref_=fn_tt_tt_1
Swingers,https://www.imdb.com/title/tt0117802/?ref_=fn_tt_tt_1
Nightbreed,https://www.imdb.com/title/tt0100260/?ref_=fn_tt_tt_1
"Nightmare Before Christmas, The",https://www.imdb.com/title/tt0107688/?ref_=fn_tt_tt_1
Despicable Me 2,https://www.imdb.com/title/tt1690953/?ref_=fn_tt_tt_1
Gangs of New York,https://www.imdb.com/title/tt0217505/?ref_=fn_tt_tt_1
Swordfish,https://www.imdb.com/title/tt0244244/?ref_=fn_tt_tt_1
"Bourne Ultimatum, The",https://www.imdb.com/title/tt0440963/?ref_=fn_tt_tt_1
"Synecdoche, New York",https://www.imdb.com/title/tt0383028/?ref_=fn_tt_tt_1
"Nightmare Before Christmas, The",https://www.imdb.com/title/tt0107688/?ref_=fn_tt_tt_1
Detroit Rock City,https://www.imdb.com/title/tt0165710/?ref_=fn_tt_tt_1
"Box, The",https://www.imdb.com/title/tt2737304/?ref_=fn_tt_tt_1
Garden State,https://www.imdb.com/title/tt0333766/?ref_=fn_tt_tt_1
"Assignment, The",https://www.imdb.com/title/tt5034474/?ref_=fn_tt_tt_1
"Lord of the Rings: Fellowship of the Ring, The",https://www.imdb.com/title/tt0120737/?ref_=fn_tt_tt_1
Wild Hogs,https://www.imdb.com/title/tt0486946/?ref_=fn_tt_tt_1
"Insider, The",https://www.imdb.com/title/tt0140352/?ref_=fn_tt_tt_1
Devil in a Blue Dress,https://www.imdb.com/title/tt0112857/?ref_=fn_tt_tt_1
"Boxtrolls, The",https://www.imdb.com/title/tt0787474/?ref_=fn_tt_tt_1
"Nightmare on Elm Street, A",https://www.imdb.com/title/tt0087800/?ref_=fn_tt_tt_1
Syriana,https://www.imdb.com/title/tt0365737/?ref_=fn_tt_tt_1
At First Sight,https://www.imdb.com/title/tt0132512/?ref_=fn_tt_tt_1
Lord of the Rings: Return of the King,https://www.imdb.com/title/tt1779539/?ref_=fn_tt_tt_1
Insidious,https://www.imdb.com/title/tt1591095/?ref_=fn_tt_tt_1
Wild Things,https://www.imdb.com/title/tt0120890/?ref_=fn_tt_tt_1
August: Osage County,https://www.imdb.com/title/tt1322269/?ref_=fn_tt_tt_1
Boyhood,https://www.imdb.com/title/tt1065073/?ref_=fn_tt_tt_1
Devil's Advocate,https://www.imdb.com/title/tt0118971/?ref_=fn_tt_tt_1
Take Shelter,https://www.imdb.com/title/tt1675192/?ref_=fn_tt_tt_1
Gattaca,https://www.imdb.com/title/tt0119177/?ref_=fn_tt_tt_1
Die Hard,https://www.imdb.com/title/tt0095016/?ref_=fn_tt_tt_1
Austin Powers - International Man of Mystery,https://www.imdb.com/title/tt0118655/?ref_=fn_tt_tt_1
Wild Things: Diamonds in the Rough,https://www.imdb.com/title/tt0448179/?ref_=fn_tt_tt_1
Insomnia,https://www.imdb.com/title/tt0278504/?ref_=fn_tt_tt_1
Nightmare on Elm Street: The Final Chapter,none
Braveheart,https://www.imdb.com/title/tt0112573/?ref_=fn_tt_tt_1
Lord of the Rings: The Two Towers,https://www.imdb.com/title/tt0154789/?ref_=fn_tt_tt_1
Taking Lives,https://www.imdb.com/title/tt0364045/?ref_=fn_tt_tt_1
Get Carter,https://www.imdb.com/title/tt0067128/?ref_=fn_tt_tt_1
Die Hard 2,https://www.imdb.com/title/tt0099423/?ref_=fn_tt_tt_1
Nine,https://www.imdb.com/title/tt0875034/?ref_=fn_tt_tt_1
Interstellar,https://www.imdb.com/title/tt0816692/?ref_=fn_tt_tt_1
Austin Powers - The Spy Who Shagged Me,https://www.imdb.com/title/tt0145660/?ref_=fn_tt_tt_1
Wild Wild West,https://www.imdb.com/title/tt0120891/?ref_=fn_tt_tt_1
"Nines, The",https://www.imdb.com/title/tt2467372/?ref_=fn_tt_tt_1
"Taking of Pelham One Two Three, The",https://www.imdb.com/title/tt0072251/?ref_=fn_tt_tt_1
Get Low,https://www.imdb.com/title/tt1194263/?ref_=fn_tt_tt_1
Interview with the Vampire,https://www.imdb.com/title/tt0110148/?ref_=fn_tt_tt_1
Diner,https://www.imdb.com/title/tt0083833/?ref_=fn_tt_tt_1
Authors Anonymous,https://www.imdb.com/title/tt2114461/?ref_=fn_tt_tt_1
Willow,https://www.imdb.com/title/tt0096446/?ref_=fn_tt_tt_1
Get on Up,https://www.imdb.com/title/tt2473602/?ref_=fn_tt_tt_1
Ninja Assassin,https://www.imdb.com/title/tt1186367/?ref_=fn_tt_tt_1
Lord of War,https://www.imdb.com/title/tt0399295/?ref_=fn_tt_tt_1
Brazil,https://www.imdb.com/title/tt0088846/?ref_=fn_tt_tt_1
Into the Wild,https://www.imdb.com/title/tt0758758/?ref_=fn_tt_tt_1
Autumn in New York,https://www.imdb.com/title/tt0174480/?ref_=fn_tt_tt_1
Taking Sides,https://www.imdb.com/title/tt0260414/?ref_=fn_tt_tt_1
Win Win,https://www.imdb.com/title/tt1606392/?ref_=fn_tt_tt_1
"Losers, The",https://www.imdb.com/title/tt9817218/?ref_=fn_tt_tt_1
Wind Chill,https://www.imdb.com/title/tt0486051/?ref_=fn_tt_tt_1
Break,https://www.imdb.com/title/tt0086998/?ref_=fn_tt_tt_1
Ninotchka,https://www.imdb.com/title/tt0031725/?ref_=fn_tt_tt_1
Into the Woods,https://www.imdb.com/title/tt2180411/?ref_=fn_tt_tt_1
"Talented Mr. Ripley, The",https://www.imdb.com/title/tt0134119/?ref_=fn_tt_tt_1
Avatar,https://www.imdb.com/title/tt0499549/?ref_=fn_tt_tt_1
Breakdown,https://www.imdb.com/title/tt0118771/?ref_=fn_tt_tt_1
Withnail and I,https://www.imdb.com/title/tt0094336/?ref_=fn_tt_tt_1
Lost Highway,https://www.imdb.com/title/tt0116922/?ref_=fn_tt_tt_1
"Distinguished Gentleman, The",https://www.imdb.com/title/tt0104114/?ref_=fn_tt_tt_1
Get Out,https://www.imdb.com/title/tt5052448/?ref_=fn_tt_tt_1
"Avengers, The",https://www.imdb.com/title/tt4154796/?ref_=fn_tt_tt_1
Tall in the Saddle,https://www.imdb.com/title/tt0037343/?ref_=fn_tt_tt_1
"Breakfast Club, The",https://www.imdb.com/title/tt0088847/?ref_=fn_tt_tt_1
Lost Horizon,https://www.imdb.com/title/tt0029162/?ref_=fn_tt_tt_1
Disturbia,https://www.imdb.com/title/tt0486822/?ref_=fn_tt_tt_1
Intolerable Cruelty,https://www.imdb.com/title/tt0138524/?ref_=fn_tt_tt_1
"Ninth Gate, The",https://www.imdb.com/title/tt0142688/?ref_=fn_tt_tt_1
"Avengers, The (2012)",https://www.imdb.com/title/tt0848228/?ref_=fn_tt_tt_1
Tamara Drewe,https://www.imdb.com/title/tt1486190/?ref_=fn_tt_tt_1
Lost in Space,https://www.imdb.com/title/tt5232792/?ref_=fn_tt_tt_1
Breaking Away,https://www.imdb.com/title/tt0078902/?ref_=fn_tt_tt_1
Witness,https://www.imdb.com/title/tt0090329/?ref_=fn_tt_tt_1
Django Unchained,https://www.imdb.com/title/tt1853728/?ref_=fn_tt_tt_1
No Country for Old Men,https://www.imdb.com/title/tt0477348/?ref_=fn_tt_tt_1
Taxi Driver,https://www.imdb.com/title/tt0075314/?ref_=fn_tt_tt_1
"Avventura, L' (The Adventure)",https://www.imdb.com/title/tt1714157/?ref_=fn_tt_tt_1
Get Shorty,https://www.imdb.com/title/tt5761496/?ref_=fn_tt_tt_1
Do The Right Thing,https://www.imdb.com/title/tt0097216/?ref_=fn_tt_tt_1
No Strings Attached,https://www.imdb.com/title/tt1411238/?ref_=fn_tt_tt_1
"Wizard of Oz, The",https://www.imdb.com/title/tt0032138/?ref_=fn_tt_tt_1
Ted,https://www.imdb.com/title/tt1637725/?ref_=fn_tt_tt_1
"Getaway, The",https://www.imdb.com/title/tt3205802/?ref_=fn_tt_tt_1
Awakenings,https://www.imdb.com/title/tt0099077/?ref_=fn_tt_tt_1
Brick,https://www.imdb.com/title/tt1623205/?ref_=fn_tt_tt_1
Inventing the Abbotts,https://www.imdb.com/title/tt0119381/?ref_=fn_tt_tt_1
Lost in Translation,https://www.imdb.com/title/tt0335266/?ref_=fn_tt_tt_1
Dog Day Afternoon,https://www.imdb.com/title/tt0072890/?ref_=fn_tt_tt_1
Notting Hill,https://www.imdb.com/title/tt0125439/?ref_=fn_tt_tt_1
Babel,https://www.imdb.com/title/tt0449467/?ref_=fn_tt_tt_1
Ghost,https://www.imdb.com/title/tt0099653/?ref_=fn_tt_tt_1
Terminator,https://www.imdb.com/title/tt0088247/?ref_=fn_tt_tt_1
"Wolf of Wall Street, The",https://www.imdb.com/title/tt0993846/?ref_=fn_tt_tt_1
"Invention of Lying, The",https://www.imdb.com/title/tt1058017/?ref_=fn_tt_tt_1
Terminator 2: Judgement Day,https://www.imdb.com/title/tt5105250/?ref_=fn_tt_tt_1
Nurse Betty,https://www.imdb.com/title/tt0171580/?ref_=fn_tt_tt_1
Invictus,https://www.imdb.com/title/tt1057500/?ref_=fn_tt_tt_1
Dogma,https://www.imdb.com/title/tt0120655/?ref_=fn_tt_tt_1
"Ghost and the Darkness, The",https://www.imdb.com/title/tt0116409/?ref_=fn_tt_tt_1
Love and Basketball,https://www.imdb.com/title/tt0199725/?ref_=fn_tt_tt_1
Bridesmaids,https://www.imdb.com/title/tt1478338/?ref_=fn_tt_tt_1
Wonder Boys,https://www.imdb.com/title/tt0185014/?ref_=fn_tt_tt_1
Bachelor Party,https://www.imdb.com/title/tt0086927/?ref_=fn_tt_tt_1
Ghost Rider,https://www.imdb.com/title/tt0259324/?ref_=fn_tt_tt_1
Terminator Salvation,https://www.imdb.com/title/tt0438488/?ref_=fn_tt_tt_1
"Iron Lady, The",https://www.imdb.com/title/tt1007029/?ref_=fn_tt_tt_1
O Brother Where Art Thou?,https://www.imdb.com/title/tt1156696/?ref_=fn_tt_tt_1
"Woodsman, The",https://www.imdb.com/title/tt0361127/?ref_=fn_tt_tt_1
Bringing Out the Dead,https://www.imdb.com/title/tt0163988/?ref_=fn_tt_tt_1
Machete,https://www.imdb.com/title/tt0985694/?ref_=fn_tt_tt_1
"Bachelor Party, The",https://www.imdb.com/title/tt0086927/?ref_=fn_tt_tt_1
The Rage: Carrie 2,https://www.imdb.com/title/tt0144814/?ref_=fn_tt_tt_1
"Island, The",https://www.imdb.com/title/tt3731562/?ref_=fn_tt_tt_1
Machine Gun Preacher,https://www.imdb.com/title/tt1586752/?ref_=fn_tt_tt_1
Broadcast News,https://www.imdb.com/title/tt0092699/?ref_=fn_tt_tt_1
"World is not Enough, The",https://www.imdb.com/title/tt0143145/?ref_=fn_tt_tt_1
Oblivion,https://www.imdb.com/title/tt1483013/?ref_=fn_tt_tt_1
Mad Max 2: The Road Warrior,https://www.imdb.com/title/tt0082694/?ref_=fn_tt_tt_1
It,https://www.imdb.com/title/tt1396484/?ref_=fn_tt_tt_1
Donnie Brasco,https://www.imdb.com/title/tt0119008/?ref_=fn_tt_tt_1
"Wrestler, The",https://www.imdb.com/title/tt1125849/?ref_=fn_tt_tt_1
Broken Arrow,https://www.imdb.com/title/tt0115759/?ref_=fn_tt_tt_1
Thelma & Louise,https://www.imdb.com/title/tt6304046/?ref_=fn_tt_tt_1
It Happened One Night,https://www.imdb.com/title/tt0025316/?ref_=fn_tt_tt_1
Observe and Report,https://www.imdb.com/title/tt1197628/?ref_=fn_tt_tt_1
Donnie Darko,https://www.imdb.com/title/tt0246578/?ref_=fn_tt_tt_1
"X-Files: Fight the Future, The",https://www.imdb.com/title/tt7083566/?ref_=fn_tt_tt_1
"Theory of Everything, The",https://www.imdb.com/title/tt2980516/?ref_=fn_tt_tt_1
Broken Embraces,https://www.imdb.com/title/tt0913425/?ref_=fn_tt_tt_1
Ghost Ship,https://www.imdb.com/title/tt0288477/?ref_=fn_tt_tt_1
It Happened One Night,https://www.imdb.com/title/tt0025316/?ref_=fn_tt_tt_1
Obsessed,https://www.imdb.com/title/tt1198138/?ref_=fn_tt_tt_1
There's Something About Mary,https://www.imdb.com/title/tt0129387/?ref_=fn_tt_tt_1
"Brothers Bloom, The",https://www.imdb.com/title/tt0844286/?ref_=fn_tt_tt_1
Ghost World,https://www.imdb.com/title/tt0162346/?ref_=fn_tt_tt_1
X-Men,https://www.imdb.com/title/tt0120903/?ref_=fn_tt_tt_1
"Doors, The",https://www.imdb.com/title/tt0101761/?ref_=fn_tt_tt_1
They,https://www.imdb.com/title/tt0283632/?ref_=fn_tt_tt_1
Ocean's Eleven,https://www.imdb.com/title/tt0240772/?ref_=fn_tt_tt_1
Bruce Almighty,https://www.imdb.com/title/tt0315327/?ref_=fn_tt_tt_1
X-Men Origins: Wolverine,https://www.imdb.com/title/tt0458525/?ref_=fn_tt_tt_1
Ghostbusters,https://www.imdb.com/title/tt0087332/?ref_=fn_tt_tt_1
"Thing, The",https://www.imdb.com/title/tt4574334/?ref_=fn_tt_tt_1
Double Indemnity,https://www.imdb.com/title/tt0036775/?ref_=fn_tt_tt_1
Made,https://www.imdb.com/title/tt0227005/?ref_=fn_tt_tt_1
xXx,https://www.imdb.com/title/tt0295701/?ref_=fn_tt_tt_1
Buffy the Vampire Slayer,https://www.imdb.com/title/tt0103893/?ref_=fn_tt_tt_1
Ocean's Twelve,https://www.imdb.com/title/tt0349903/?ref_=fn_tt_tt_1
Magnolia,https://www.imdb.com/title/tt0175880/?ref_=fn_tt_tt_1
Ghostbusters 2,https://www.imdb.com/title/tt0097428/?ref_=fn_tt_tt_1
"Things My Father Never Taught Me, The",https://www.imdb.com/title/tt2234521/?ref_=fn_tt_tt_1
Bull Durham,https://www.imdb.com/title/tt0094812/?ref_=fn_tt_tt_1
Office Space,https://www.imdb.com/title/tt0151804/?ref_=fn_tt_tt_1
Year One,https://www.imdb.com/title/tt1045778/?ref_=fn_tt_tt_1
"Majestic, The (The Bijou)",https://www.imdb.com/title/tt0268995/?ref_=fn_tt_tt_1
Thirteen Days,https://www.imdb.com/title/tt0146309/?ref_=fn_tt_tt_1
Buried,https://www.imdb.com/title/tt1462758/?ref_=fn_tt_tt_1
Yes Man,https://www.imdb.com/title/tt1068680/?ref_=fn_tt_tt_1
Ginger Snaps,https://www.imdb.com/title/tt0210070/?ref_=fn_tt_tt_1
Major League,https://www.imdb.com/title/tt0097815/?ref_=fn_tt_tt_1
"Officer and a Gentleman, An",https://www.imdb.com/title/tt0084434/?ref_=fn_tt_tt_1
This Boy's Life,https://www.imdb.com/title/tt0108330/?ref_=fn_tt_tt_1
Burlesque,https://www.imdb.com/title/tt1126591/?ref_=fn_tt_tt_1
You Can Count On Me,https://www.imdb.com/title/tt0203230/?ref_=fn_tt_tt_1
"Girl with the Dragon Tattoo, The",https://www.imdb.com/title/tt1568346/?ref_=fn_tt_tt_1
Omega Man,https://www.imdb.com/title/tt9081570/?ref_=fn_tt_tt_1
This is 40,https://www.imdb.com/title/tt1758830/?ref_=fn_tt_tt_1
You've Got Mail,https://www.imdb.com/title/tt0128853/?ref_=fn_tt_tt_1
Burn After Reading,https://www.imdb.com/title/tt0887883/?ref_=fn_tt_tt_1
Malcolm X,https://www.imdb.com/title/tt0104797/?ref_=fn_tt_tt_1
Drag Me to Hell,https://www.imdb.com/title/tt1127180/?ref_=fn_tt_tt_1
One Flew Over the Cuckoo's Nest,https://www.imdb.com/title/tt0073486/?ref_=fn_tt_tt_1
Gladiator,https://www.imdb.com/title/tt0172495/?ref_=fn_tt_tt_1
Youth in Revolt,https://www.imdb.com/title/tt0403702/?ref_=fn_tt_tt_1
Burning Annie,https://www.imdb.com/title/tt0307879/?ref_=fn_tt_tt_1
Only God Forgives,https://www.imdb.com/title/tt1602613/?ref_=fn_tt_tt_1
Malibu's Most Wanted,https://www.imdb.com/title/tt0328099/?ref_=fn_tt_tt_1
Dragonslayer,https://www.imdb.com/title/tt0082288/?ref_=fn_tt_tt_1
Zero Dark Thirty,https://www.imdb.com/title/tt1790885/?ref_=fn_tt_tt_1
"Butterfly Effect, The",https://www.imdb.com/title/tt0289879/?ref_=fn_tt_tt_1
Glengarry Glen Gross,https://www.imdb.com/title/tt0104348/?ref_=fn_tt_tt_1
Ordinary People,https://www.imdb.com/title/tt0081283/?ref_=fn_tt_tt_1
Cable Guy,https://www.imdb.com/title/tt0115798/?ref_=fn_tt_tt_1
Drive,https://www.imdb.com/title/tt0780504/?ref_=fn_tt_tt_1
Go,https://www.imdb.com/title/tt0139239/?ref_=fn_tt_tt_1
Zerophilia,https://www.imdb.com/title/tt0421090/?ref_=fn_tt_tt_1
Drive Angry,https://www.imdb.com/title/tt1502404/?ref_=fn_tt_tt_1
Orgy of the Dead,https://www.imdb.com/title/tt0054240/?ref_=fn_tt_tt_1
Candle to Water,https://www.imdb.com/title/tt2387411/?ref_=fn_tt_tt_1
Zootopia,https://www.imdb.com/title/tt2948356/?ref_=fn_tt_tt_1
Godfather,https://www.imdb.com/title/tt0068646/?ref_=fn_tt_tt_1
Drop Dead Gorgeous,https://www.imdb.com/title/tt0157503/?ref_=fn_tt_tt_1
Orphan,https://www.imdb.com/title/tt1148204/?ref_=fn_tt_tt_1
Man in the Iron Mask,https://www.imdb.com/title/tt1872617/?ref_=fn_tt_tt_1
"Dry White Season, A",https://www.imdb.com/title/tt0097243/?ref_=fn_tt_tt_1
"Other Boleyn Girl, The",https://www.imdb.com/title/tt0467200/?ref_=fn_tt_tt_1
Godfather Part II,https://www.imdb.com/title/tt0071562/?ref_=fn_tt_tt_1
Man On Fire,https://www.imdb.com/title/tt0328107/?ref_=fn_tt_tt_1
Capote,https://www.imdb.com/title/tt0379725/?ref_=fn_tt_tt_1
Duck Soup,https://www.imdb.com/title/tt0023969/?ref_=fn_tt_tt_1
"Godfather Part III, The",https://www.imdb.com/title/tt0099674/?ref_=fn_tt_tt_1
Out of Sight,https://www.imdb.com/title/tt0120780/?ref_=fn_tt_tt_1
Carrie,https://www.imdb.com/title/tt0074285/?ref_=fn_tt_tt_1
Dumb and Dumber,https://www.imdb.com/title/tt0109686/?ref_=fn_tt_tt_1
Outbreak,https://www.imdb.com/title/tt6927152/?ref_=fn_tt_tt_1
Gods and Monsters,https://www.imdb.com/title/tt0120684/?ref_=fn_tt_tt_1
Cars 2,https://www.imdb.com/title/tt1216475/?ref_=fn_tt_tt_1
Godzilla,https://www.imdb.com/title/tt0831387/?ref_=fn_tt_tt_1
"Pacifier, The",https://www.imdb.com/title/tt0395699/?ref_=fn_tt_tt_1
Casablanca,https://www.imdb.com/title/tt0034583/?ref_=fn_tt_tt_1
Pandorum,https://www.imdb.com/title/tt1188729/?ref_=fn_tt_tt_1
Case 39,https://www.imdb.com/title/tt0795351/?ref_=fn_tt_tt_1
Gone Baby Gone,https://www.imdb.com/title/tt0452623/?ref_=fn_tt_tt_1
Panic Room,https://www.imdb.com/title/tt0258000/?ref_=fn_tt_tt_1
Man on the Moon,https://www.imdb.com/title/tt0125664/?ref_=fn_tt_tt_1
Casino,https://www.imdb.com/title/tt0112641/?ref_=fn_tt_tt_1
Gone in 60 Seconds,https://www.imdb.com/title/tt0187078/?ref_=fn_tt_tt_1
Man Trouble,https://www.imdb.com/title/tt0104804/?ref_=fn_tt_tt_1
Cast Away,https://www.imdb.com/title/tt0162222/?ref_=fn_tt_tt_1
"Man Who Knew Too Much, The",https://www.imdb.com/title/tt0049470/?ref_=fn_tt_tt_1
Papadopoulos & Sons,https://www.imdb.com/title/tt2006810/?ref_=fn_tt_tt_1
Catch Me If You Can,https://www.imdb.com/title/tt0264464/?ref_=fn_tt_tt_1
"Good Girl, The",https://www.imdb.com/title/tt6474378/?ref_=fn_tt_tt_1
ParaNorman,https://www.imdb.com/title/tt1623288/?ref_=fn_tt_tt_1
"Man Who Wasn't There, The",https://www.imdb.com/title/tt0243133/?ref_=fn_tt_tt_1
Pariah,https://www.imdb.com/title/tt1233334/?ref_=fn_tt_tt_1
"Manchurian Candidate, The",https://www.imdb.com/title/tt0368008/?ref_=fn_tt_tt_1
"Passion of Joan of Arc, The",https://www.imdb.com/title/tt0019254/?ref_=fn_tt_tt_1
Manhattan Murder Mystery,https://www.imdb.com/title/tt0107507/?ref_=fn_tt_tt_1
"Patriot, The",https://www.imdb.com/title/tt4687882/?ref_=fn_tt_tt_1
Paul,https://www.imdb.com/title/tt1092026/?ref_=fn_tt_tt_1
Manhunter,https://www.imdb.com/title/tt0091474/?ref_=fn_tt_tt_1
